state,iret,exit,moves,same_as_c,output
15746322313112,7317939,0,11,1,R B R B D2 B D R2 D2 B' D'
62374513312112,7324919,0,11,1,R B R B2 D R' D B2 D B' D2
46352172113231,7356663,0,11,1,R B R B' D2 B D' B R B2 D2
42165373223123,7384925,0,11,1,R B R2 D' R2 D' B D' R2 B2 R
72345612331331,7410676,0,11,1,R B R B' R2 D R' D2 R B2 R2
31452671323211,7429561,0,11,1,R B R D' B2 D B' D R B2 D2
76421351131121,7433908,0,11,1,R B R B' D2 B' R' B' R D2 B'
47653213232111,7437156,0,11,1,R B R B D2 B R' B' R' D2 R2
57241631323112,7439725,0,11,1,R B R2 B2 D' R D2 R' B R2 B'
36217541223311,7443812,0,11,1,R B R2 B' D B R2 B2 R B D'
42137653132121,7445053,0,11,1,R B R2 B R' B D' R D2 B' R
75314621133221,7448551,0,11,1,R B R B' R' D' B R D' R B2
14763523222331,7450749,0,11,1,R B R B' R D B2 D2 R' B' D
26345711223113,7456792,0,11,1,R B R2 D' R2 D' R D' R2 B2 R
74125633132232,7468173,0,11,1,R B R B2 D' R B2 R' D B2 D2
17362451211311,7475494,0,11,1,R B R D2 R D' B' D R' D2 B
72345611221223,7477375,0,11,1,R B R D2 B' R B2 R' D R2 D2
51623471321111,7479002,0,11,1,R B R2 B' R B' D' B2 R B' R
17324561232332,7486084,0,11,1,R B R D B2 D B R2 B2 D' B'
53467211321111,7516843,0,11,1,R B R2 B' D R' B' D2 R D' R
45623713322321,7528823,0,11,1,R B R' B D' R' B' R B2 D R'
32417653132121,7551253,0,11,1,R B R B2 D2 B' R' B2 R' B2 R
25364173223231,7555763,0,11,1,R B R D' R' D' R B D' R B2
15342671211311,7565656,0,11,1,R B R B' D2 R' B R' B' R D2
13764251211311,7566212,0,11,1,R B R B' D2 R' B R' B' R B2
45637123332122,7585191,0,11,1,R B R2 D B2 D B2 D2 R' B R
23456173212332,7587796,0,11,1,R B R' B' D' R B2 D' B D2 B'
14723652322121,7606266,0,11,1,R B R2 D' R2 D B R2 D' R2 B'
17463251221331,7606388,0,11,1,R B R2 B D B' R2 D R B D'
32647153132121,7607330,0,11,1,R B R' D2 B2 D B2 D B2 R D
75412631223332,7611028,0,11,1,R B R D2 B R' D R2 D R' B2
17356241212313,7613238,0,11,1,R B R' B' R D2 R B R' D2 R2
23751461132123,7620411,0,11,1,R B R' D' R B2 R B2 D' R2 D
62147353132121,7624768,0,11,1,R B R B2 D' R B' D B' R' D2
32156473223123,7624802,0,11,1,R B R B' R B2 R' D2 B R' D
52731641323112,7641150,0,11,1,R B R' B' R B' D B2 R2 D' B
16542371221331,7643702,0,11,1,R B R2 B D' B R' D' R2 B R'
65123471233232,7649050,0,11,1,R B R' B D R2 D R' D' B' D2
76342511111231,7651426,0,11,1,R B R B' D2 R B2 R' D R' D
41357622313112,7663222,0,11,1,R B D B' D2 B R' B R B2 D2
62374511322311,7665424,0,11,1,R B R' B2 D' B D R' D B2 R2
57241631322113,7677377,0,11,1,R B R2 B2 D' B R2 B' D R2 D'
32451762331121,7701187,0,11,1,R B R' B' D B2 D R2 B' R2 B
76253141211332,7701629,0,11,1,R B R' B D B D' R2 B D B'
45671231132231,7703733,0,11,1,R B D R' D' R' D B D' B D2
23751463112321,7705329,0,11,1,R B R' D R D B' R2 D R B'
52163471333123,7729834,0,11,1,R B R' D B2 D' B2 R D R B'
71432561323232,7747310,0,11,1,R B R D' B2 R B2 R' D B' D
12346571111231,7749562,0,11,1,R B R' B2 R' B' D' R D2 B D'
34261572132131,7768125,0,11,1,R B R B' R D' B R2 B' D2 R'
25137461211323,7777523,0,11,1,R B R2 B' R D R2 D2 R B R'
13276541323112,7779036,0,11,1,R B R2 D' B D' B R B R' B2
56423171231231,7780676,0,11,1,R B R' B' D B' R2 D2 B' R' D
43216573132121,7786712,0,11,1,R B R2 B2 D' B R' D2 R' D2 R'
15746321323211,7792766,0,11,1,R B D R B2 R D R2 D2 B' D'
47156322332132,7796996,0,11,1,R B R D2 R' D R2 B' R2 B' R2
47621532232331,7799385,0,11,1,R B R' D R' B' R' B D2 R D'
56124371111231,7801852,0,11,1,R B R' B2 D B R' B R2 B' R
64713253112111,7808909,0,11,1,R B D R' B2 D' R B' D' R B2
12637451332112,7809082,0,11,1,R B R2 B R B2 D' R2 B R D2
76315243211231,7818157,0,11,1,R B R2 B R2 D B D' R B' R'
32465172132131,7822472,0,11,1,R B R B' R D' B R2 B' D2 R
62317453112111,7836862,0,11,1,R B D B2 D B' D' R D' R2 B
36217543213112,7842347,0,11,1,R B D' R2 B' D R B' D R2 B2
76253141123132,7853402,0,11,1,R B D R' B2 R D' B R D2 B2
45623712332123,7857163,0,11,1,R B D' R D' B' R' D B2 R D'
42561733323122,7859903,0,11,1,R B R D2 B2 R B R2 D2 B' R'
32156471232332,7860009,0,11,1,R B R' D' R D2 R B' R D2 R'
15236473231121,7865307,0,11,1,R B R' D2 B' D R D' R D2 B2
53421671321231,7876282,0,11,1,R B R2 D2 B R2 B R' D' R2 D
31452671332232,7877279,0,11,1,R B D' B D R D' R2 B R D'
73645211223113,7879689,0,11,1,R B R D' B2 D B' D2 R D' R
73645211321111,7881113,0,11,1,R B R2 B R' B D R2 B' D R'
67435121332112,7882023,0,11,1,R B D2 R' D2 R' B D' B2 R2 B
75346213112132,7885165,0,11,1,R B R' B2 R D R' B D' R D2
31265471321111,7890212,0,11,1,R B R2 B D' B D B2 R' D R'
23456713212332,7890265,0,11,1,R B R2 B' R2 D B' R2 B R B'
74125633133222,7896488,0,11,1,R B D2 B D2 B' D2 B' D R D2
72345613221221,7897760,0,11,1,R B D2 B R2 B' R2 B' D B D2
54231673123121,7902412,0,11,1,R B R' D R D B2 R2 B D2 R2
24715633112111,7910845,0,11,1,R B R D' B R' D R2 D2 R B'
31452672322331,7914872,0,11,1,R B D' B' D B2 D B2 R' B2 R
56173421113112,7914949,0,11,1,R B D2 B' D R' D' B2 R D' R
67435123123121,7920225,0,11,1,R B D2 R' D2 R' D R' D2 B2 D
42315673112111,7927023,0,11,1,R B R' B2 D' B D' R' D R2 D
52731641233112,7927555,0,11,1,R B R' D' B D' B D2 R2 B' D
34165273222322,7930793,0,11,1,R B R2 B R2 D2 B R' B' D B2
13542671231231,7931359,0,11,1,R B R' B R D2 R2 D' R' D2 B
54317261113112,7935288,0,11,1,R B D2 B' R D' R' B2 D B' R
46352171211233,7938222,0,11,1,R B D' R D R B' R2 D B D'
16725433333232,7946658,0,11,1,R B R2 B R' B R2 D' B D B'
63752142332132,7948252,0,11,1,R B R D2 R' D' R2 B D2 B' D2
14735621333222,7955832,0,11,1,R B R2 B D2 R B D' B D' B'
14735621332112,7958528,0,11,1,R B R D2 R D2 R' B2 D B R2
46375212132131,7958884,0,11,1,R B R D2 B2 R2 D B' R2 B D'
32167453222313,7962384,0,11,1,R B R D B2 R B2 R B' R2 D2
16257433223123,7966279,0,11,1,R B D B2 R2 B' D' B2 D' B2 D
37614521323232,7967709,0,11,1,R B D R' B2 D R2 D' R D' B
31527643332122,7969922,0,11,1,R B R' B R B' R D' B2 D2 R
57214361323232,7971358,0,11,1,R B R' D2 B D B' D R2 D' R
35267141223233,7976590,0,11,1,R B D B' R' B' D R D' R D2
23674153232321,7977691,0,11,1,R B D R' B2 R' B' R' D R2 B'
46375211211332,7978102,0,11,1,R B R' B' R2 D' R' D R2 B' R'
75243613213232,7982194,0,11,1,R B D2 B' D' B2 R B' D R D'
51647231113232,7990681,0,11,1,R B R2 D2 B D2 B R' D' B2 D
45612373322111,7996700,0,11,1,R B R' B' D R2 D R' B R2 B'
27453161123111,7997174,0,11,1,R B R2 D B2 D R2 D2 B' D R
54362711111231,7997487,0,11,1,R B D' B2 R D R' B D2 B' R
61472533112111,8000349,0,11,1,R B R B2 D2 R B' R' D R2 B2
57364213332122,8008857,0,11,1,R B R2 B2 D R' D B' D B D
76245311131121,8015512,0,11,1,R B R' B D' R B2 R2 B R' D'
15367421223113,8018180,0,11,1,R B D2 B D R2 B' R2 D R D2
15627431223113,8019161,0,11,1,R B R' D' R' D' R2 B R' D2 R
16537421223113,8019300,0,11,1,R B R2 D R' B R2 B2 D' R' D2
54637211132111,8023477,0,11,1,R B R' B2 R D2 B' D B R D'
62135473122131,8024764,0,11,1,R B R B' D2 R2 D R' D R2 D2
12734562313223,8039009,0,11,1,R B R B R D2 B D' B D2 R2
24715632313223,8039658,0,11,1,R B R D' R B' R' D2 B2 R' B
76315241223113,8051573,0,11,1,R B R2 D R' B R2 B2 D' R B2
62154733321121,8053492,0,11,1,R B D' R' D B2 D R2 B' R2 B
56347211331131,8056295,0,11,1,R B R D' R2 B2 R D R2 D R2
56723412122312,8057226,0,11,1,R B R2 D2 R D B2 D R D2 R'
65417323223123,8068956,0,11,1,R B D2 B' R B' D2 R B2 R' D2
17426531223221,8072576,0,11,1,R B R B D2 R2 B2 R B2 R' B2
46375213333121,8073184,0,11,1,R B R2 B D' R D' B' R' D R2
15647233213232,8074530,0,11,1,R B R B' R2 D2 B D' B' D R2
36745211211221,8074794,0,11,1,R B R2 B D' B R2 D' R B R'
17463251331221,8078435,0,11,1,R B D2 B' R' B2 D R' B R D'
63714522332132,8079976,0,11,1,R B R D2 R' D R2 B' R2 B D2
12467351231321,8080374,0,11,1,R B D B2 R' B R' B D' R2 B
15672343213232,8080888,0,11,1,R B2 R D' R2 B2 R' D R B2 R
36752143132232,8081567,0,11,1,R B R B D B' D' B D2 R' B
36125472121223,8082076,0,11,1,R B R' B' R D' R' B R2 D' B2
32765413322312,8086212,0,11,1,R B2 R B D2 B2 R B' R B2 R'
76345123312211,8086544,0,11,1,R B R B' R B' D' B2 R2 D' R
15643273223111,8086918,0,11,1,R B R B2 R D' B' R' B2 D R
76342511323112,8088375,0,11,1,R B D2 R' B R' B D R B' R2
14726531333312,8091928,0,11,1,R B R2 D' B D2 R B' D' B' D
63172452312323,8095000,0,11,1,R B R B R D2 R B' R D2 B2
12376543133231,8095285,0,11,1,R B R D B2 R2 D2 R D2 R' B2
17436521323232,8095790,0,11,1,R B R' B D2 R D' B' D' B2 D'
12365471313113,8100529,0,11,1,R B R D2 B' R2 B D2 B2 R' B
14735621223113,8101867,0,11,1,R B R' B' R D' B' D R' D R'
15346271321321,8107102,0,11,1,R B R' D R D2 R2 B' R' D B2
73146522113231,8111449,0,11,1,R B D B D2 B D B2 D2 R' D'
47152361233232,8112439,0,11,1,R B R' D B D2 B2 D' R' D2 B
72345611222222,8116208,0,11,1,R B R' B2 R' D' B2 D B' D2 B2
13276541323322,8116599,0,11,1,R B D2 R' B D' R D B R' D2
51264732213311,8118117,0,11,1,R B R B2 R2 D2 R' D' R D' B
74163253133132,8121617,0,11,1,R B D' R2 B2 D R' D' B D' B
76341253233131,8124220,0,11,1,R B R2 B R2 B' D2 B' D B R2
16537421332112,8125528,0,11,1,R B R2 D' R' B' R' B R' B2 R
42367153111121,8127793,0,11,1,R B R' D2 R B' R B R2 D2 B2
24173652323231,8132566,0,11,1,R B R B' R2 D R' D' R D' B2
32164571111231,8133340,0,11,1,R B D B' D2 R D2 R' B R' B
46527133111121,8135800,0,11,1,R B R' D2 R B' R B' D2 B2 R2
62543711311112,8139764,0,11,1,R B R D2 B' R B' R D' R' B2
12376543133132,8142398,0,11,1,R B R D' B2 D R' D' R2 D2 B'
47621533231121,8142834,0,11,1,R B2 R B' R D R2 B' R B D2
47156322332312,8149697,0,11,1,R B R' B R2 D' B' D B' D2 R'
32174652312332,8152235,0,11,1,R B R2 B2 D' R D' R2 D' B2 D'
74123563323221,8153895,0,11,1,R B R B' D2 B' R B2 D R' B
34261572133121,8154105,0,11,1,R B R' B' R2 D2 B' D B R' D
15724633132322,8156555,0,11,1,R B R B2 R' D B2 R' B2 R' D2
63752143212323,8158979,0,11,1,R B R B2 R2 B D R' D B' R'
14723651211212,8159793,0,11,1,R B R2 B R' D B2 D B2 R D2
65274133232321,8160662,0,11,1,R B D' R D' B R2 B2 R B' R'
76145231311331,8164933,0,11,1,R B R' B D' R2 D' R B R D2
17452363213232,8164981,0,11,1,R B2 R' B R2 D' B R D R' D'
32156472332132,8172621,0,11,1,R B D B' R B' R D2 R' D2 B
24367513111121,8173735,0,11,1,R B R' D2 R B' R B' R2 D2 B2
15627431332112,8174471,0,11,1,R B D2 R D' R D2 R2 B' R' D2
16572433213223,8180942,0,11,1,R B D' R2 B2 R D2 R D2 B R
32765413223312,8182831,0,11,1,R B2 R D R2 D2 B D' R D2 R'
64531273122131,8182905,0,11,1,R B R B' D2 R2 D R' D' R2 D2
27543611111132,8186670,0,11,1,R B R' B2 D2 B R2 B D2 R B
32465172133121,8190023,0,11,1,R B R' D B' D' R2 B2 D' B R'
17425631223113,8193019,0,11,1,R B D B2 D B2 D' B2 R B R2
71543622111131,8195243,0,11,1,R B R D2 B2 D' R' B2 R' D2 R
73645211332112,8196902,0,11,1,R B D2 R D' R D2 R2 B' R B2
35462171221223,8197010,0,11,1,R B R D B D' B' D B2 R' B
45713623223132,8199641,0,11,1,R B D' B2 R' D R D' B R2 D2
14762351331221,8199976,0,11,1,R B2 R B' R2 D2 R' B R D2 R
12347653132322,8200021,0,11,1,R B R D B2 R2 D2 R D2 R' B
36241573212332,8202384,0,11,1,R B R2 B2 D B' D' B R2 D B
74361253211231,8203388,0,11,1,R B R B' D' B D' R' D R2 D
74125633131233,8212358,0,11,1,R B R' D2 R' B' D2 B R' D2 R2
16534271111132,8215011,0,11,1,R B R B2 D' R B' R B' R2 D
17543261132111,8216818,0,11,1,R B R2 B D B2 R' B2 D R B2
32145673112222,8217185,0,11,1,R B R' B2 D2 R D' R' D B' R
56723411222312,8219304,0,11,1,R B2 R B' R D' B' D R' D R2
13645271221331,8221428,0,11,1,R B D2 B2 R D' B2 R B D2 R2
23156471333132,8222016,0,11,1,R B R B2 R B R D' B2 R' B2
17452363322132,8222414,0,11,1,R B R2 D' R' D' R B2 R B R
54371621113322,8222889,0,11,1,R B R2 B' R2 D2 B D' B' D2 B
72345611133113,8224000,0,11,1,R B R B2 D' R2 D R2 D2 B' D
76315241332112,8224251,0,11,1,R B D B' D2 B R' B2 D B' R
31624753312211,8225544,0,11,1,R B R D R D2 B R' B D2 R2
21354762213311,8226325,0,11,1,R B R' D2 R B R' D R' D B2
32147562313223,8228212,0,11,1,R B R D' R D2 R' B R' D B2
14765233113131,8229872,0,11,1,R B R2 B' R D2 R' D R B2 D2
53621471331221,8230337,0,11,1,R B R D' R2 B2 D B' R' D B2
13762451321321,8231575,0,11,1,R B R2 B2 R B2 D R2 D2 B D'
12543672331232,8232532,0,11,1,R B R2 B D' R B2 R D2 B D2
75346213132121,8236374,0,11,1,R B D R' B2 D2 B R' B D2 B2
16543721113211,8237151,0,11,1,R B R D' R2 B D' B' R D' R2
75346211311211,8238707,0,11,1,R B R2 B D' R' B R' B' D2 B
12365473232312,8238802,0,11,1,R B D B D2 R D2 R B' R2 D2
32765413122212,8240619,0,11,1,R B R' D' B R' D' R B2 D' R2
72543162311111,8243802,0,11,1,R B R2 B D' B D' B R2 D' R
75321463132121,8246009,0,11,1,R B2 R' B D2 B D2 B2 R' D R'
25736411321312,8246110,0,11,1,R B R D2 R B2 R D' R' D B2
74163253131332,8250181,0,11,1,R B R' B2 D2 R' D B D B2 R2
16243571132132,8254884,0,11,1,R B R2 D' R D' B2 D' R2 B' R2
51367241211113,8262166,0,11,1,R B D' R2 D B2 R' B D B D'
32561473222223,8263811,0,11,1,R B R B' D2 B R' D' B2 D2 R2
76315241113112,8263868,0,11,1,R B D2 B D' R B R2 D' B R'
36721452122123,8266901,0,11,1,R B R2 B' R B2 D' B' R D2 R2
45612373132121,8267384,0,11,1,R B D' B R' D' R2 B2 D' R D'
12365473332323,8269021,0,11,1,R B R2 B' R D B2 R' D' B D'
61352472233321,8269065,0,11,1,R B R' B D2 B R B R D2 B2
15672341323112,8272128,0,11,1,R B2 R B D2 B2 D' B R2 D' B'
75236143213232,8273055,0,11,1,R B R' B R2 B' D R B R' B'
32745612322331,8277163,0,11,1,R B R B2 R D B' D2 B' R' D2
47632152233321,8278666,0,11,1,R B R D2 B' R B' D R' D2 B
45312673222112,8280991,0,11,1,R B R' D2 B' R2 B R' B2 D B'
45671233112132,8282528,0,11,1,R B2 R' B2 R' D R2 B R2 B R2
56347211312111,8285224,0,11,1,R B R B' R2 B' D' R D B2 R'
45732612233321,8285737,0,11,1,R B R D' R2 D' R' D R2 D2 B'
52163473221323,8286358,0,11,1,R B R2 B' D R2 B' R2 B D B2
52341671311313,8286812,0,11,1,R B R2 B' R B2 D' R2 D R B2
15763242323132,8286907,0,11,1,R B D R2 B2 R' B' R2 B' D2 B
47156233322312,8291348,0,11,1,R B R' D R' D' B R2 D' R' D'
63247511123132,8291586,0,11,1,R B D' B D' B' D' R B2 D B'
52163472131222,8291998,0,11,1,R B D2 R2 D R B2 R B R2 B'
36745213131131,8293428,0,11,1,R B R B2 D' B' R B' R B2 D
52713461232323,8295949,0,11,1,R B R2 B' D2 R2 B R' B' R2 B
32156472312332,8298595,0,11,1,R B D' R B' D' R2 B2 D' R B'
16427531211311,8298817,0,11,1,R B D R2 B2 D R' B' D B2 R2
16725431311121,8302201,0,11,1,R B R B' R2 B D' R D' B2 R'
62135472132131,8302344,0,11,1,R B D R2 D' R' D2 B D2 B' D2
65132472131231,8302981,0,11,1,R B R B' D2 B' D B R D2 R2
54326171112233,8303503,0,11,1,R B R' D2 R' D2 R D' B' D' R
51632741323232,8304144,0,11,1,R B D' R2 B D R' D R2 D' R
32765411131112,8305767,0,11,1,R B R D2 B2 D B D' B2 D' R2
43527612312323,8306901,0,11,1,R B D R2 B' R D' R D' R2 B
26543171123111,8311964,0,11,1,R B R2 B' R D' R2 B R2 B' R2
36127451333222,8315019,0,11,1,R B R B D' B2 R' D B D B
75346213132322,8315783,0,11,1,R B R B2 R' D' B2 R D2 R' B2
13462572213311,8316381,0,11,1,R B R2 D B' D2 B' D' R D2 B'
32174652332132,8317551,0,11,1,R B D B' R B' R D2 R' D2 B'
14725363213121,8321088,0,11,1,R B R B2 D2 B' R' B' R D2 R2
17642533312211,8322007,0,11,1,R B R D' B2 D' R' B D2 R' D2
45312671222312,8326068,0,11,1,R B R' D2 R B' D2 R D R B2
76543211332331,8327942,0,11,1,R B2 R' B D2 R' D' B' D R' D'
12347652111221,8328214,0,11,1,R B R2 B' R D' B2 R2 D' B' R2
63752143123223,8328245,0,11,1,R B D R2 B2 R' B' R' D R2 D2
74365212333332,8331864,0,11,1,R B R2 B D2 B' D2 B D' R' B2
34261573123121,8332747,0,11,1,R B D' R' B D' R B2 D' R' B2
32175461113112,8336398,0,11,1,R B D2 B R' B R B2 D' B R'
76543211223221,8339850,0,11,1,R B2 R' D R' B2 D2 B' D' B2 D'
72643513212332,8340960,0,11,1,R B2 R' B' D' R D2 R D2 R' D2
74365211312111,8342529,0,11,1,R B R B2 D2 B D B' D2 B' R2
71432563323113,8346742,0,11,1,R B D2 R' B R2 D R' D' B' D
64531273312211,8347220,0,11,1,R B R B' R D2 R' D R' D R2
64531272132131,8350846,0,11,1,R B D R2 D' R D2 B' R2 B D2
47156322313232,8351439,0,11,1,R B R2 B R' D' B R' B' R2 B
16725433122212,8352759,0,11,1,R B R2 B' D' B2 R B' D' B2 R2
52163471312111,8355205,0,11,1,R B R B2 D2 B D B' R2 D2 B'
74125632122111,8357516,0,11,1,R B R' B2 D2 B' R' D2 R D2 B'
14752363222121,8365240,0,11,1,R B R2 B R2 B D' B' D R2 D
52341673232333,8365392,0,11,1,R B R B2 D' R D' B' R2 D B
63752411223212,8365440,0,11,1,R B R D' B2 D' B D R D2 R2
56723413222112,8365952,0,11,1,R B2 R D' B R' B' D B' D R2
16453271211113,8366600,0,11,1,R B D2 B R B2 D' R2 B R B2
54126371331221,8369317,0,11,1,R B R' B' D R D' R D2 R' D
32165742331112,8369938,0,11,1,R B R2 B R' D R' B' R' B R2
32164571232323,8370819,0,11,1,R B R2 D' B R' B R B D' R2
54167232333113,8370827,0,11,1,R B R' B R2 B' R2 D B R D'
31265471313113,8371865,0,11,1,R B R B' D2 B D' B2 R D' R
75314623113122,8374160,0,11,1,R B2 R' D2 R' D B2 R B2 R D2
65274131311313,8375935,0,11,1,R B R D' R B2 R' D2 B R' B
46513273113221,8376278,0,11,1,R B R D' B2 D' R B2 D B' R
74125632321332,8376488,0,11,1,R B R2 D2 R B2 R' D B R2 D'
54721632212231,8376626,0,11,1,R B R' D R B R2 D' B D2 B'
32561473323212,8378250,0,11,1,R B R2 B' D B' D2 R2 B' R' B2
74163253133231,8380011,0,11,1,R B2 R' B D' R2 B2 R' D' B2 D'
73542613132121,8381242,0,11,1,R B D R' B2 D2 B R' B' D2 B2
23165472111332,8382550,0,11,1,R B R2 B R B2 D B2 D R2 D
76145231121113,8383710,0,11,1,R B R2 B2 R' D B2 R' D' B2 R
25134672312323,8384791,0,11,1,R B R' D2 B R D B2 R' D B2
12734561322233,8386610,0,11,1,R B R2 D' R2 B D' R' D B' R2
31624751112233,8387914,0,11,1,R B R2 D' R2 B D' B' D B' R2
56723411131112,8390983,0,11,1,R B R D' R2 D' R' D B D2 R'
12347653132223,8391465,0,11,1,R B R D' B2 D R' D' R2 D2 B2
32156742311123,8395960,0,11,1,R B R D B2 R' B R' D' B2 D2
14325673232333,8395991,0,11,1,R B R2 B2 R' D' R2 B R B2 D'
17425631332112,8399316,0,11,1,R B D' R' B R' B' R B' D R'
75642132213311,8400969,0,11,1,R B R' B R' D' B2 R' D2 R' D2
54167231121113,8402261,0,11,1,R B R2 B' R D' B R2 D2 B2 D'
72165433321223,8403037,0,11,1,R B R' D2 B2 R B' R' B D' B
17362451231321,8403495,0,11,1,R B D R' D2 B D' R' D B' R2
52673413232123,8406880,0,11,1,R B R2 D' R2 D' R D R' D2 B2
46513272332111,8410486,0,11,1,R B R2 D2 B' R B' R B R' D'
71432563332113,8411871,0,11,1,R B R2 D' B R2 D B' D' B' R
54167231333213,8420028,0,11,1,R B R' B D R B2 D' R D2 R'
15724631211311,8421115,0,11,1,R B D B' D R' B D2 B2 D B'
65314272311132,8421909,0,11,1,R B R B' R2 B' D' R B2 R2 D'
36745212121223,8424543,0,11,1,R B R2 B' R' D2 B R' D' R2 B2
76245313122122,8425731,0,11,1,R B D B' R2 D R B' D B2 D
76145232331313,8426929,0,11,1,R B R2 B' R' D2 R' B D B2 R2
32156742333131,8427456,0,11,1,R B R B2 R B R' D B2 R D2
36125472111311,8428959,0,11,1,R B R2 B2 R' D' B2 R B D2 R'
41752631222123,8431349,0,11,1,R B R B2 R B2 R D' B' R D2
76345122213311,8436788,0,11,1,R B R' B R' D' B2 R' D2 R' D'
61453723111121,8437164,0,11,1,R B D B2 R2 D B R2 D2 B' D'
52163472111311,8437319,0,11,1,R B R D2 B' R D' B' D2 R B
54721633333331,8441013,0,11,1,R B R2 D2 R B R2 B D R2 D'
54326171321231,8441160,0,11,1,R B D' R2 D' R2 D R' B' D' R
45612372331121,8441319,0,11,1,R B2 R' B R2 B' D R2 B' R' B2
57236141322233,8448224,0,11,1,R B R' B2 R' B2 R D' R' D' R
56327413213112,8450939,0,11,1,R B R' B2 D2 R' B R' B' R D2
23576412312323,8452220,0,11,1,R B R B' R' D B2 D B2 R' B2
14752632332132,8452507,0,11,1,R B2 R2 B' D2 B R D' R2 B D'
74365211213111,8453878,0,11,1,R B R2 B' D B R2 B2 D B' R2
36745212131111,8454125,0,11,1,R B R' B D B D' R2 D R' B2
35246171113322,8457721,0,11,1,R B R' B D2 B2 D B R2 B D'
12543673111331,8459659,0,11,1,R B D R' D R2 D' B2 R B' R
16453272111131,8459984,0,11,1,R B D' R B R' D R' D2 R2 B
12564733323122,8462888,0,11,1,R B R B D' B2 R2 B' D2 R' B
76325411112131,8463757,0,11,1,R B R2 B' R D B D' B R' B2
36125471213111,8464053,0,11,1,R B R2 B2 R' D R2 B' D' B2 R
52163471213111,8469186,0,11,1,R B R2 B' D B' D R2 B2 D2 B'
17426531331332,8469417,0,11,1,R B D2 R' B' R' B2 D B' D2 B
16542371331221,8470481,0,11,1,R B2 R' D B2 R' B D R B' D'
74512362313223,8474487,0,11,1,R B R B' D2 B' R' B D2 R' D2
76245311213312,8477963,0,11,1,R B D' R' D R2 D B' R B2 R'
14563272323222,8478900,0,11,1,R B R B' D2 B D' R' B D' R2
76245313123121,8481754,0,11,1,R B2 R D2 R2 B R D R' D2 R'
56324171221331,8483012,0,11,1,R B R' B R2 D' B D' R2 B2 D
72145631233223,8484037,0,11,1,R B R' B' D R2 D R' D' B D
72356143211123,8488067,0,11,1,R B R D2 R2 B2 R' B' D B' D
12543673231223,8488356,0,11,1,R B D B2 R' D' B R' B D2 R
41752632312323,8489407,0,11,1,R B R2 D2 B D' B D' R2 D R'
14735621333111,8490455,0,11,1,R B R B2 R D2 R' D2 B D R2
32745611223332,8490623,0,11,1,R B R2 D B2 R' D' R' B2 R' D'
12543671331113,8490685,0,11,1,R B D R2 B' R2 B D2 B2 R' D
56723413221212,8498506,0,11,1,R B D2 R2 D B R2 B R B2 R'
13254761323322,8499770,0,11,1,R B2 R B R2 B2 R' D R2 B' D'
47512632312323,8503275,0,11,1,R B R2 D2 R D' R' D2 R' D B'
17423653213232,8503926,0,11,1,R B2 R' B R2 D' B R D R' D2
14726533323122,8505223,0,11,1,R B2 R B' R B2 R2 D B D2 B'
76145233232333,8508091,0,11,1,R B R2 B2 D R D' B D2 B D2
67412353332221,8508766,0,11,1,R B D' B2 R2 B D2 B R2 D R
56723413331111,8509703,0,11,1,R B R B' R2 D2 R B R2 B R2
73645213112231,8511565,0,11,1,R B D2 R' D R D2 B R B' D'
36527413311311,8511960,0,11,1,R B R B D2 R B2 R B' D2 R2
72143651312111,8512884,0,11,1,R B R B2 D2 B D B' R2 D2 B
74365212111311,8514185,0,11,1,R B R2 B2 D B D' B R2 B R2
72145633232231,8514907,0,11,1,R B R' D' R D2 R B' D' B D
14765231113121,8519326,0,11,1,R B R2 D' R' B R' D2 B R D
75264132223331,8520987,0,11,1,R B R B D2 R' B R' B' R2 B2
72361453232333,8522646,0,11,1,R B R B2 D' R D' B' R2 D B'
14723653232222,8524622,0,11,1,R B D R2 B' D' R D' R D2 B
76315241322122,8524992,0,11,1,R B D2 R' B2 R D B2 D' R2 D
45612373332122,8525586,0,11,1,R B2 R2 D2 R' B D B2 D2 R2 D'
54167231131112,8526020,0,11,1,R B R D2 B2 D B D' R2 B2 D'
74213652323132,8526496,0,11,1,R B R' D B R' D B' D2 B2 R
52147631211131,8528482,0,11,1,R B R B' D2 R B' R B' D B2
72546311323112,8528902,0,11,1,R B2 R D R2 D2 R' B R2 D' R'
37652141113232,8531755,0,11,1,R B R D' B2 R D2 R' D R' B'
32156471113211,8534643,0,11,1,R B R' B D2 B' R B R2 D2 B2
16243571321321,8536739,0,11,1,R B2 D R2 D' B D' B R' D' R
56741231311121,8538109,0,11,1,R B R B' R2 B D' R D' B2 R
34725612111113,8538277,0,11,1,R B R2 D' R' D R' D2 B D B
71326453132121,8539919,0,11,1,R B2 R' B2 R' B R' B2 D2 B' D
41325763131233,8542666,0,11,1,R B R B2 D2 R' B D' R' B2 D2
16345272333212,8542943,0,11,1,R B R2 D' B D' R2 B D B2 D2
61453721311112,8544697,0,11,1,R B D2 B' D B' D2 R D2 R' B2
72563413121111,8548597,0,11,1,R B R D' B2 R B' D R' B D2
36541272323222,8550490,0,11,1,R B R B' D2 B R2 B D R' B'
13246571112233,8552394,0,11,1,R B R' B2 D B' D' R' B2 R2 D
56327411211332,8552670,0,11,1,R B R' B' D B R2 D2 B2 R D
64275311222222,8553456,0,11,1,R B R D2 B2 R' B D' B' R2 D2
43216573212311,8558832,0,11,1,R B R' D B2 D' R B' D' R D2
76342513323122,8560236,0,11,1,R B2 R' B' D' R D2 B' D2 B D2
35426712311312,8560946,0,11,1,R B R2 B D2 B D' R' B R2 B
34651272332132,8561187,0,11,1,R B2 R' D R2 D B2 D2 R' D R'
73542613132322,8561548,0,11,1,R B R B2 R' D B2 R' B2 R B2
32547611131112,8563041,0,11,1,R B R2 B2 R D' R B2 R2 B R'
56423171321321,8563788,0,11,1,R B2 D R2 D' B D' B R' D' R'
35461271321231,8564045,0,11,1,R B R2 D2 B R2 B R' D' R2 D'
34127651131112,8570597,0,11,1,R B R B' R D' R2 B2 D R' B
14723651113121,8571514,0,11,1,R B R2 D' R' B R' D2 B R D'
34562171321231,8575465,0,11,1,R B R B' D2 R D2 R' B R' B'
35162473122221,8575601,0,11,1,R B D B2 R2 B' D' B' D R2 D2
65742311212313,8577104,0,11,1,R B2 R' B2 R' B R2 D B2 D B2
54261373123121,8577182,0,11,1,R B R D R2 B' R2 B R2 D' B'
16725431121311,8578077,0,11,1,R B R2 B' D B D2 R' B' D R'
46375212332222,8578800,0,11,1,R B R2 D' R' B R D2 B2 R2 D'
73516243323113,8580738,0,11,1,R B R B2 R2 D' B D' R2 B2 D'
16523473332323,8581503,0,11,1,R B R2 B' R D B2 R' D' B D
14725363211213,8584692,0,11,1,R B R2 D' R' D R D2 B2 R2 D'
32465173123121,8589085,0,11,1,R B2 R D' R2 D' B2 R B2 R' D
12643571321321,8589287,0,11,1,R B D2 R2 B' D B R' B D2 R
72165433111112,8592832,0,11,1,R B R2 B' D B D R' D R' D2
65132741223323,8592987,0,11,1,R B R' D' R B' D B2 R2 D' B'
25736413123112,8593572,0,11,1,R B D B2 D R2 D R' B' D B2
45612373332221,8594517,0,11,1,R B2 R2 D2 B D' R' D R' B D2
47352612123131,8597729,0,11,1,R B R D' R' D R2 D R2 B' D2
15643271221331,8599615,0,11,1,R B2 D2 R B2 R D' R' D' B2 D'
76345123211111,8600595,0,11,1,R B R D' B2 R2 B D' B R2 B2
54716322313223,8601461,0,11,1,R B D B2 D2 R2 D' B' R B' R
21365742221312,8602539,0,11,1,R B R D' B2 R B R2 B' D' B'
14765231133131,8606673,0,11,1,R B D B D2 R2 B2 R B2 R' D
63752141123213,8606751,0,11,1,R B R' B2 R' D B2 D2 B' D2 R
17425631323223,8607138,0,11,1,R B D2 R' D R' D B D2 R D'
16573241312312,8608236,0,11,1,R B D R2 D R' B' D' R2 B R
54321761211221,8609329,0,11,1,R B R B' D B' D2 R' D R2 B'
14752633213223,8609713,0,11,1,R B2 R2 D2 B R' D' R D' B D2
51264731113322,8609908,0,11,1,R B R' D' R D2 R B D2 B2 R'
76354213312223,8610085,0,11,1,R B R B' R2 D B D' R B2 R
36527412111113,8610123,0,11,1,R B R2 D' R' D R' D2 B D B'
34165271311121,8613559,0,11,1,R B R' D R D B' R2 B R' D2
26415732121223,8614362,0,11,1,R B R2 D' B D2 B' D' R2 B2 D
41765322221312,8618017,0,11,1,R B R' B R2 D' B2 D' B D' R'
32175461221112,8620268,0,11,1,R B R2 D R' D R2 D2 B' R D2
65132473313312,8624896,0,11,1,R B R B2 R B' D B2 D R2 B
52743612131111,8625145,0,11,1,R B R2 B' R D2 R B2 R2 D' B
74125632131111,8625450,0,11,1,R B R D' R2 D R' B D' B2 R'
74156323132331,8625624,0,11,1,R B R' D2 B' D B R D2 R2 D
72143653111211,8627367,0,11,1,R B R2 B R D' R B D B2 R'
32167451333111,8629363,0,11,1,R B D B2 R' B2 R B2 R2 D' B
16725432232223,8629837,0,11,1,R B R B' R D2 R' D2 B R' D
32765412221312,8630456,0,11,1,R B D' B' R B' D' B R2 D' R2
74125631313311,8631647,0,11,1,R B R2 B D2 R2 B R' B' R B2
35416721113112,8631843,0,11,1,R B2 R D B' R2 D2 B R2 B' D'
74523613111211,8633591,0,11,1,R B R D' B2 D B' R' B D' B2
26741351232113,8635163,0,11,1,R B R B2 D2 R B D2 R2 B' R'
47156233223312,8636002,0,11,1,R B D' B D' R' B D2 R' B' D'
42651372213311,8637229,0,11,1,R B R2 B2 D2 R' D' R D' B D2
13257641112233,8640679,0,11,1,R B R2 D2 B2 D' R' D' R B2 D'
16327453232333,8642760,0,11,1,R B R2 D2 R' B2 R' B D2 B' R'
34761252323222,8643697,0,11,1,R B R B' D2 B R2 B D R' B
72541632131111,8644313,0,11,1,R B R D' R2 D R' B D' B2 R
35162473332131,8644744,0,11,1,R B D2 R' D' R D R2 B2 D2 R'
35271461322233,8645032,0,11,1,R B R2 D2 B2 D' B' R' B R2 D'
34127652111311,8645152,0,11,1,R B R2 D2 R' D2 R' B D2 B' D'
14527631133311,8646367,0,11,1,R B R B D2 R2 B2 R B2 R' B
12745633313312,8648992,0,11,1,R B2 R B R2 B2 D B' D B2 D'
25763411332322,8649477,0,11,1,R B D' R D2 R' B D' B D R2
26415731322323,8652118,0,11,1,R B R B' D2 R B D2 B' D' B'
72143651213111,8652663,0,11,1,R B R2 B' D B' D R2 B2 D2 B
76245312132131,8653682,0,11,1,R B2 R2 B' R2 B R D' B2 R D'
56321473233323,8654501,0,11,1,R B R' D2 R' D R B2 D' B D
45637123132121,8655371,0,11,1,R B2 D' R' D' B2 R B' R2 B' D2
14325672112121,8659320,0,11,1,R B D2 B D2 B' D2 B R' B' R2
41725632322331,8659916,0,11,1,R B2 R' B D2 B' R D2 B' R' B2
74523611312111,8660195,0,11,1,R B R2 B2 R D' B D2 B2 D R'
45612373112231,8660758,0,11,1,R B2 R2 B' D B D' R2 B2 D' R
36521472331121,8667586,0,11,1,R B D R2 B' D' R2 D' B R B2
72563412131111,8668772,0,11,1,R B R2 B' R D2 R B2 R2 D' B'
12543672121121,8669180,0,11,1,R B D2 R2 D B2 D' B R B2 D'
36721451131331,8669532,0,11,1,R B D' B D' B2 R2 D B D R'
21734652123131,8669768,0,11,1,R B R D R D2 R D' B R2 D2
73246153312211,8669802,0,11,1,R B D R2 D2 B2 D' R' D B' R
72143652111311,8670091,0,11,1,R B R D2 B' R D' B' D2 R B'
46157233333232,8672939,0,11,1,R B R D' B D' B2 R' D B2 R'
34127651121113,8675608,0,11,1,R B R2 B' R D' B R2 D2 B2 D
14736521322233,8676408,0,11,1,R B R' D2 B D' R' B' R2 B2 D
34725612231332,8677322,0,11,1,R B D2 B' R D2 B' D' B D2 B2
35462172312131,8677811,0,11,1,R B R' B2 D' B R D R2 D2 R
16374523211123,8679222,0,11,1,R B R' B' R2 D' R' D R2 B' R2
36745213232213,8681665,0,11,1,R B R D' R D2 R' B2 D R' D
75641323232111,8682044,0,11,1,R B2 R' D2 R' B R2 D B2 D R2
76351421113322,8682793,0,11,1,R B R2 B' R2 D2 B D' B' D2 B'
12543672322232,8683221,0,11,1,R B D R' D2 R D' B D' R2 B'
63125743131233,8684470,0,11,1,R B R' B D' R B2 R2 B R B
32165741233223,8686982,0,11,1,R B2 R B2 D2 R' B D' B2 R2 D2
45312672233321,8687788,0,11,1,R B D2 R2 B D' R B' D2 B R'
74365213121333,8693779,0,11,1,R B R2 B' D' B2 D' B R B2 D2
32417652132131,8695004,0,11,1,R B2 R' D B2 D B2 D2 R' D B'
14726531233313,8695606,0,11,1,R B D2 R' B D2 R D' B' D' B
36147251311121,8695897,0,11,1,R B R2 B' D B2 D R2 D2 B' D
76354123211132,8696749,0,11,1,R B R' D R2 B' D' B R' D2 R2
57236141113232,8697514,0,11,1,R B D' B2 D' R2 D B' R' D' R
14753261221112,8701803,0,11,1,R B R2 D R' D R2 D2 B' R' B2
32765411121113,8707509,0,11,1,R B R2 B' R D R2 D2 B D' R2
52147631311121,8708488,0,11,1,R B R2 B' D B2 D R2 D2 B' D'
34165273311131,8708913,0,11,1,R B R D2 B' D' R B' D R2 B
14765232232322,8709274,0,11,1,R B R' D R' B2 D2 R D R D'
46572312132122,8711790,0,11,1,R B R2 B' D B2 R2 D R' D R2
16743252323222,8713858,0,11,1,R B R2 B D R' D B D R2 B'
34127653111211,8714515,0,11,1,R B R D' B2 D R2 D R B' R
15642372331322,8716746,0,11,1,R B R D2 B' R2 D R B2 R D'
23417563232123,8717516,0,11,1,R B D' B2 D B' R B' D2 R2 B2
35162472122231,8718306,0,11,1,R B R' D2 R' B D2 B2 D' B2 R
63745123122212,8719952,0,11,1,R B R2 D' B R2 B' D' R2 B2 D
14753261333111,8720060,0,11,1,R B R2 D' R' D' R' B R' D2 R
14765232331313,8724763,0,11,1,R B2 R2 D2 R B' R2 D B R2 D2
43216573132223,8725410,0,11,1,R B R' B' R B' D B2 R' D' B2
76321543211111,8726499,0,11,1,R B R D' B2 R2 B D' B' R2 B2
32561472213122,8726874,0,11,1,R B R2 B' D R2 B' D' R B2 R2
35162473323131,8727745,0,11,1,R B R' D B2 R' B' R D' R2 B'
25134672233321,8729873,0,11,1,R B D' R2 B R D R2 B' D B2
67345211111123,8732229,0,11,1,R B R' B R' D' B2 R2 D' B R'
23165471312132,8733325,0,11,1,R B D R' D2 B R D' B R2 B
75346211133122,8734272,0,11,1,R B2 R B2 D2 R' D B' D2 R2 B2
71326451211311,8737367,0,11,1,R B2 R' D' B' R D2 B R' D B'
36527411131133,8739260,0,11,1,R B R2 D2 B' D2 B D' B' R D2
65723143321313,8740891,0,11,1,R B R2 B R' B' D B' D2 R B'
14325672323222,8744693,0,11,1,R B D2 B2 R D B' R D2 R B2
67234513332122,8744905,0,11,1,R B R2 B2 D R' D B' D B D2
47163522131222,8745381,0,11,1,R B R' B2 R' B' D' R D2 B' R
14752631323223,8745564,0,11,1,R B2 R2 B' R D B' D2 R2 B' R
51423671221331,8746752,0,11,1,R B D2 B2 R D' B2 R B R2 D2
67321451111123,8748744,0,11,1,R B R' B R' D' B2 R2 D' B R
56347211213111,8749002,0,11,1,R B D R' B D R' D R2 D2 R
72563411111312,8749105,0,11,1,R B R' B2 R' B D B2 R' B R
46273513221212,8750839,0,11,1,R B R' D2 R' D' R' B D2 R' B
14725363223213,8751128,0,11,1,R B D' R B2 D' R' B R' D2 B'
14736251112332,8751886,0,11,1,R B R D2 B2 R B' D' B D2 R2
32547613111211,8753306,0,11,1,R B R D' B2 D R2 D R B' R'
32547611213111,8755938,0,11,1,R B R' B' D2 B' R2 B R' D' R
63752412322112,8755982,0,11,1,R B D B' D2 B' R D R D2 R2
72345611331332,8757169,0,11,1,R B2 D' B' D B' R D2 B' R B'
17463251313113,8757359,0,11,1,R B R' B' D' R' B2 D R' B2 R
13764252323231,8758151,0,11,1,R B D2 B D' R B' R B2 D' B
46375212113111,8758750,0,11,1,R B D2 B R' D' R D' B' D2 B
65417323232123,8759159,0,11,1,R B D' B2 D B' R B D2 R2 B2
32561472133313,8759924,0,11,1,R B R' D2 B2 R' B D R B2 D2
12745633323311,8761107,0,11,1,R B2 R D B2 D2 R B' D R2 D'
76145232123332,8761788,0,11,1,R B R2 B R2 B' D2 B R' D' B2
74365212222323,8762165,0,11,1,R B R' D R' B2 R' D B D R2
12456731233223,8764621,0,11,1,R B' R B' D R2 D2 B2 D' B D
21367452112112,8764822,0,11,1,R B R2 D' R B' R2 B' R2 D' R2
65417321232113,8767312,0,11,1,R B D R2 B2 D R D2 B2 R' B'
63574212123131,8768783,0,11,1,R B R2 D2 R B' D' R2 D' R D'
24651731333333,8774426,0,11,1,R B R2 B D' B' D B' R2 D B'
14735621221112,8778608,0,11,1,R B R' D' B R' B' D B' D R'
46375212132221,8780160,0,11,1,R B D' B R2 D' R' B D' B2 R'
31247651113232,8780255,0,11,1,R B R2 D2 B D2 B R' D' B2 D'
14765232211211,8781252,0,11,1,R B R2 D' B R' D2 B D R2 D2
25436712323231,8781415,0,11,1,R B R' D R2 D' R B R2 D2 B2
26371453112111,8781788,0,11,1,R B2 R' B' D' R D2 B D' R B'
34562171321111,8781810,0,11,1,R B2 R B R' B2 D2 R D2 R' D'
43176252123131,8783979,0,11,1,R B R' B2 D R B R2 D' R D2
14765233323332,8784819,0,11,1,R B D2 B' D B' R2 D2 B' D' B2
24157362323111,8785043,0,11,1,R B2 D B R2 D2 B' R2 B D' B2
25436712123122,8788257,0,11,1,R B D2 B R B2 D B2 D B2 D
21354763312211,8788518,0,11,1,R B D' R B' D' R2 B' R2 B' D'
27615433313213,8790408,0,11,1,R B R B2 R2 B D' R B' R B
52341673133111,8793300,0,11,1,R B D2 B' D R2 B' R2 B R B2
72136541322233,8793573,0,11,1,R B D2 R' D2 B D' R' B D' R2
72165431113331,8794355,0,11,1,R B R' B D' R2 B2 D R B R'
12567433232333,8794422,0,11,1,R B R' B' R D2 R' B D R B2
34526713232312,8795054,0,11,1,R B R2 D' R' B' R B2 R B D
21354761112311,8795106,0,11,1,R B D B' D2 R2 D B' R B2 R2
67345211113322,8796056,0,11,1,R B D' B' D R2 D B' D R2 D'
32754163211123,8800042,0,11,1,R B R2 D B' R2 B' R' B R2 D'
14625733133111,8800283,0,11,1,R B D B' R D2 R' B2 D B' R
74163253133213,8800421,0,11,1,R B2 R2 D2 R B' D2 R B R2 D2
52761433121111,8801956,0,11,1,R B R' B' R B2 D' B2 D' B R'
32714652332132,8802747,0,11,1,R B R D2 R' D R2 B' R2 B D'
13627451332112,8803119,0,11,1,R B R' B' D' B D2 B' D R' B'
45376213333322,8803360,0,11,1,R B D R' B2 R' D R D B2 D2
15724632313223,8803546,0,11,1,R B D' R' B2 D' B' R D2 B' D'
23576412233321,8804507,0,11,1,R B D B' R' B D2 B D2 R' B2
34127651213111,8807938,0,11,1,R B R' B' D2 B' R2 B R' D' R'
76543212222221,8813286,0,11,1,R B2 R2 D2 R D' R2 B R B2 D2
15426371112233,8814486,0,11,1,R B D2 R' D2 B D' B' R D' R2
37645122312221,8816213,0,11,1,R B R D2 R2 D R' B R' D R
56723412323222,8816695,0,11,1,R B D R2 B' R B' R' B2 D R
73654122221111,8816984,0,11,1,R B R2 B R' B R' D' B2 R B'
56423173132121,8820726,0,11,1,R B2 R' B' R2 D R' D2 R D' B2
65123471112311,8821331,0,11,1,R B R' D' R' D2 B2 R' B R' B
75346213332122,8821802,0,11,1,R B2 R2 B' D R' D2 B R' B' R2
12456733223321,8822376,0,11,1,R B' R D' R' D R D2 B' D' B
21654373332221,8822621,0,11,1,R B2 R' D' R2 B D' B2 D R' B2
65132473323311,8823825,0,11,1,R B R2 D B2 D B' R D2 R B
61257343232123,8824207,0,11,1,R B D' B2 D B' R B' R2 B2 D2
67345212111122,8824912,0,11,1,R B R D' R D' B D2 B' D2 R
42137653122131,8830021,0,11,1,R B2 R' D2 R' B R' D2 B2 D' R
14763521113223,8831823,0,11,1,R B R2 D' R' B' D R' B D' B2
15243671331221,8832112,0,11,1,R B2 R' D B2 R' B D R B' D2
14263751131121,8834734,0,11,1,R B' R D B2 R' D B' D B' R2
54763212322232,8834767,0,11,1,R B R' B2 R' D2 B D' B' D B'
63174522332132,8835498,0,11,1,R B R2 D' R2 D B2 R' D R B'
34165272323333,8837317,0,11,1,R B R2 D2 R D2 R' B D B2 R'
72165432323312,8837943,0,11,1,R B D2 B' R B' R2 D2 B' R' B2
53147262123131,8838063,0,11,1,R B R2 D' R2 D' B D R' B2 D2
52163473111331,8838332,0,11,1,R B2 R B R2 B' D2 B D' B' R2
32465173132121,8838748,0,11,1,R B2 R2 D2 B R' B' D R' B R2
14723653313111,8841163,0,11,1,R B R2 D2 B' R2 B R' D' R B2
12546371221331,8841589,0,11,1,R B2 D2 R B2 R D' R' D' B2 D2
14725361111123,8843430,0,11,1,R B D R2 D2 R D B' D R' D'
72513641232323,8844083,0,11,1,R B R2 B' D2 R2 B R' B' R2 B'
16725433113311,8845881,0,11,1,R B D R B2 D R2 D B' D2 R2
76324153323122,8848663,0,11,1,R B2 R' B' D' R' D2 B R2 B' D2
52641733212311,8849803,0,11,1,R B R' B' D' R2 B2 D' B D' B
31564272213311,8851666,0,11,1,R B D R' D R2 D' B R' D R2
16725431131211,8853477,0,11,1,R B D2 R' D' B R' D2 B R B'
56712341232113,8854083,0,11,1,R B R' B' D R2 D R' B R2 B2
47352612311132,8855611,0,11,1,R B D R' D' R D2 R D2 B' D2
74561233321133,8856428,0,11,1,R B R2 B D2 B' D2 B' R D R2
56741231121311,8857263,0,11,1,R B R2 B' D B D2 R' B' D R
62135473232231,8859924,0,11,1,R B2 R D2 B2 R' B D' R2 B2 D2
61234573232213,8861436,0,11,1,R B R D2 B D2 B R' B R2 D2
36527412221312,8861742,0,11,1,R B D2 B' R' B2 D R' D' B2 R2
72356141232113,8863645,0,11,1,R B R' B' D R2 D R D2 R2 B'
14736253222223,8864033,0,11,1,R B R' D' B D' B D2 R' D' B2
32164573323212,8864849,0,11,1,R B2 R B' D B2 D2 R B R2 B'
74563211232332,8864871,0,11,1,R B D2 R B2 D' B' D' B2 D' B'
32165743311131,8865622,0,11,1,R B R B2 D2 R2 B R' B2 R B'
62435711222222,8865948,0,11,1,R B R' D R' B R2 B2 R D R
15267431223113,8866115,0,11,1,R B R2 D R' B R2 B2 D' R' D
12745632222221,8866329,0,11,1,R B D2 B' R' B2 R' B D R2 B2
31265471122112,8866844,0,11,1,R B D2 R D' B R2 B2 D' R D2
24715631122133,8867441,0,11,1,R B R D2 B2 D' R' B' R B2 R2
12543673221323,8867732,0,11,1,R B2 R D2 R2 B' D R D' R2 D
53726143333121,8868252,0,11,1,R B R' D2 R B R2 B R' D' R
36721452223232,8869208,0,11,1,R B D2 R' D' R D' R2 B D R
54312671131331,8869925,0,11,1,R B R' B D2 B' D R' B R B2
14723651111213,8871474,0,11,1,R B D B' R2 B D' B D' B2 R'
13546271213213,8871966,0,11,1,R B D2 R2 B' D R' B D B' D'
75234161322233,8877860,0,11,1,R B D R' B2 D B2 D' B R' D'
65274133312223,8879306,0,11,1,R B R D' R2 B R D' R D2 R
62173543232132,8879686,0,11,1,R B2 D R B2 R B2 D2 R B' D2
12473561132123,8880408,0,11,1,R B' R D R' D2 R' D' B' D B'
36745212223232,8880981,0,11,1,R B D2 R' D' R D' R2 B D R'
76521433232333,8881812,0,11,1,R B R' B2 D' B R' D' R2 B D
32741651211131,8882044,0,11,1,R B R' D' B D2 R' D2 R' B R'
14625732213323,8883101,0,11,1,R B R2 B D R' D2 R' D2 R' B2
43615271333312,8883711,0,11,1,R B R' D R2 D R2 B' D B' R'
36714252232223,8885456,0,11,1,R B R B2 D B2 D R' B R2 D2
17425631313113,8886594,0,11,1,R B D R2 D R2 D' B2 R D R2
21654373332122,8887310,0,11,1,R B2 D2 R2 B R' B R2 D' R B'
14752633223123,8888261,0,11,1,R B2 D2 R2 B' R B' R D2 B' D
72143563222331,8889797,0,11,1,R B D' R' D R D' B R2 B' D
35461272222323,8892125,0,11,1,R B R2 B R B' R2 D B D R'
73615421113322,8895013,0,11,1,R B D2 R2 B2 R' D' B' R D2 B'
12354762311123,8895823,0,11,1,R B D B D2 R' D B' R' B2 R2
32175461333111,8897445,0,11,1,R B D R' B2 R D' B2 R B' R
13267451311133,8897474,0,11,1,R B R D2 R D' B' D' R2 B R
16345271133131,8899096,0,11,1,R B2 R B D' R D2 R' D2 B R2
36125471312111,8899804,0,11,1,R B D2 B2 D' B R2 D' B' D2 R
76245311121131,8902576,0,11,1,R B D' B D2 B' R D R2 B2 D2
74156323133123,8903155,0,11,1,R B D2 R2 B D' R D B' R2 B'
15642373212311,8903432,0,11,1,R B R' B D2 R' D' R D' B2 D2
47256133321232,8904473,0,11,1,R B R B' R B2 R' D R2 B' D'
74156322122123,8905778,0,11,1,R B R' B R B2 R D' R2 B R2
12537461332112,8906767,0,11,1,R B D2 R D' R D2 R2 B' R' D
16243571231231,8907921,0,11,1,R B' R B R' B D' R2 B R B2
72563411111213,8910331,0,11,1,R B R' D2 R' B2 D R' B' D R'
57321641311112,8912728,0,11,1,R B2 D' R B' D' R D2 R B D
41736522332231,8912924,0,11,1,R B D2 R2 B' R D' B D R' D'
24157361313212,8914214,0,11,1,R B2 D B R2 B R2 D2 B D' R2
32547612111311,8914314,0,11,1,R B R' D' B R2 B' R B D B2
74365213111211,8918178,0,11,1,R B D2 B2 R B R' B D2 B R2
12763452322232,8918492,0,11,1,R B D R' D2 R D' B D' R2 B
35472163222313,8918735,0,11,1,R B D2 R' B D R2 D R' B' D
42367153211123,8921192,0,11,1,R B R2 B' D B' R2 D R2 D' R2
32167451312222,8923931,0,11,1,R B R' D2 R' B2 R D2 R D B2
21367451311331,8924131,0,11,1,R B D R2 B D2 B R' D B2 R2
62475131322323,8924349,0,11,1,R B R' D B2 R' B2 R' D B' D'
74523611121113,8924563,0,11,1,R B R' D' R2 D' B2 D R' B' R
41325762313223,8929529,0,11,1,R B D2 B2 R2 D' R' B R' B D2
21354761113322,8930964,0,11,1,R B2 R D2 B2 R' D R' B2 D2 R2
16725431211122,8932712,0,11,1,R B R' D2 B2 D' B' D2 B R2 D'
31276452133322,8933174,0,11,1,R B R2 B' R D2 B2 R D' B D2
57642311113322,8933756,0,11,1,R B D' R D2 R2 D B D2 B R'
54721633231322,8937438,0,11,1,R B D B' R2 D2 R B D2 B D2
72143651121113,8937534,0,11,1,R B R' D' R2 D' B2 D R' B' R'
14267351321321,8938019,0,11,1,R B D2 R2 B2 R' D B' D' R B
14325673123232,8938845,0,11,1,R B2 R' D R' B2 D2 B R' D B2
14723651112131,8941918,0,11,1,R B D2 B' D B R2 D' B' D R'
56347211222132,8942079,0,11,1,R B2 R B' D R' B' D R' B R2
52163473111211,8943574,0,11,1,R B D B2 R' B D' R' B2 D B
12367541331131,8944971,0,11,1,R B R2 D2 B' D R' D B D' B'
57321642311132,8945369,0,11,1,R B R' B D B D2 R2 D B2 R2
76341252232313,8946433,0,11,1,R B D B' R B2 R' B2 D B' D
36745212122333,8946980,0,11,1,R B R D' R2 B D' B2 D B2 D2
14527631131211,8949816,0,11,1,R B D2 R' D' B R' D2 B R B
35462172223331,8950590,0,11,1,R B D R B2 D' R B' D' R2 D2
76324151112233,8952292,0,11,1,R B D B' D2 R B2 R' D R' D'
76145233133213,8952826,0,11,1,R B D2 B' D' B2 D' R D B2 R2
36527412231122,8956532,0,11,1,R B R2 D' R2 D R D2 B' R2 D'
25436713332122,8956790,0,11,1,R B2 R' D B' D2 R2 B' D' B2 R'
13276543323122,8956873,0,11,1,R B' R B' R B2 D' B' D B2 D'
71432563323122,8957306,0,11,1,R B2 D R B2 D2 R B' D B2 D'
12543672321332,8959458,0,11,1,R B2 R' B R' D B2 R' D' B R'
14325672231323,8962408,0,11,1,R B D' R D' B2 D' B R D B2
74561233131233,8965317,0,11,1,R B D' R2 B D B2 D R2 D2 B
74365211121221,8965607,0,11,1,R B2 R' B D' R2 B2 R B' D R2
37614522323312,8967779,0,11,1,R B2 R B' D R' B' D R2 D' R
34651271123111,8969301,0,11,1,R B2 D' R B D R2 D R' B' D'
37561241311112,8970461,0,11,1,R B2 D' R B' D' R D2 R B D'
32765412323222,8972441,0,11,1,R B D2 B2 D' B' R2 D R D2 B'
27416532133232,8973661,0,11,1,R B D2 R' D B' R2 B' R2 D' R2
64531273311311,8974795,0,11,1,R B R D' R D B2 D2 R' D' R
16723451322311,8975358,0,11,1,R B D' R2 B2 D' B R' D' R D2
23165472311111,8976663,0,11,1,R B D' R D2 R' D B R2 D2 B2
14367252322232,8977261,0,11,1,R B D2 B' R B2 R D2 R2 B' R'
61534721113211,8977808,0,11,1,R B D2 B R' B R' B D2 R' B
76123453233323,8979441,0,11,1,R B D R' B2 D R' B R' B R2
53126471231321,8980980,0,11,1,R B R' B2 D2 R' D' R D' B R
32167451222222,8982293,0,11,1,R B D' B2 R D B2 D B2 D2 R
32156472332321,8982761,0,11,1,R B2 R' D B2 D' R D2 B' D' R2
14625731322233,8982812,0,11,1,R B2 R2 B' D R B' D2 R2 B' R
74561233311233,8983797,0,11,1,R B R' B2 R' D2 R B2 R D R2
76315241323313,8984223,0,11,1,R B2 D B' R D R2 B' D B' R'
72643513212311,8984886,0,11,1,R B D' B R2 B' R B' D' B D2
26153473132121,8985660,0,11,1,R B2 R' B2 R B2 D2 R' B' R2 B2
52761431111213,8986268,0,11,1,R B D2 B' D B2 D B2 D2 R' B'
47156323223123,8986974,0,11,1,R B2 R2 B' R' B R2 D' R B R2
56723411113313,8994866,0,11,1,R B D R' D2 B2 D B R2 B R2
47123651233232,8995552,0,11,1,R B' R D R' B D' B2 R B R2
27154632311132,8997676,0,11,1,R B R' D R2 D R D B R2 D2
61572432312323,8997861,0,11,1,R B R2 B' D B2 R' B' D2 B R'
74163253332323,8998732,0,11,1,R B D2 B' D B R D' R D' R2
52714633213223,8999669,0,11,1,R B2 R' B' D2 R D' R2 D R' B2
52736141322233,9002504,0,11,1,R B R2 B2 D' B D' R' D R2 B'
54721632133232,9004163,0,11,1,R B2 R' B' R2 D2 B R D B' D2
71452363213232,9005002,0,11,1,R B2 D R' B D B' R2 D2 B R
12354763133111,9006689,0,11,1,R B R B2 D2 B' D' R2 D' R2 D2
74523612111311,9008186,0,11,1,R B R' D2 B' D B' R' D2 B R
52641733232321,9009478,0,11,1,R B2 R D R' D2 R B R2 B2 D'
76354121122121,9011400,0,11,1,R B R B2 D' R2 B D R2 D R'
21354671122112,9012119,0,11,1,R B R D2 R B' R D2 R B2 D
52714633223123,9012372,0,11,1,R B2 D2 R2 B D R' D2 B R' B
31265472312233,9015851,0,11,1,R B R2 D' B2 D R D2 R' D2 R
31265471312213,9016318,0,11,1,R B R2 D' B2 D B D2 B' R2 B
62147353123121,9018226,0,11,1,R B2 D' R' B' D2 R B' D2 B' R2
24731562311231,9020072,0,11,1,R B2 D R B2 D2 R' D2 R D' B2
17463251122112,9020163,0,11,1,R B D2 R D' B R2 B2 D' R' B2
47256133212311,9020229,0,11,1,R B D' R' D' R2 B2 D' R B' R
54231671123111,9021654,0,11,1,R B2 D' R B D R2 D R' B' D
74125632121121,9022216,0,11,1,R B2 R' B D' B R2 D' B' D B'
62374513112321,9024342,0,11,1,R B' R2 B' R' D' R D2 B D' B2
23147652312323,9024346,0,11,1,R B2 R B D2 R2 D' R' B2 R D'
32561471121311,9027951,0,11,1,R B D2 B' R B R D' B R' D2
21654372233321,9029815,0,11,1,R B2 R2 D2 B' D R B' D B' D2
41725633121123,9030071,0,11,1,R B2 R B' D R D2 B' R B D
73645213333112,9031815,0,11,1,R B2 D B' D B R2 D' B D' R'
37614522111221,9032139,0,11,1,R B2 R B' R D' B' D R2 D' B
14527633132322,9034330,0,11,1,R B2 R D R' B D2 B' D2 R D2
21376541112311,9039675,0,11,1,R B D B' D2 R2 D B' R' B2 R2
32165741111132,9039708,0,11,1,R B D2 B D' B' D R' D' R2 D
76341251111213,9039762,0,11,1,R B D' R D R B' R2 B R' B2
72165433221233,9040280,0,11,1,R B2 R' B R' B2 D2 B' R' B2 R'
54167232112112,9040297,0,11,1,R B2 R' B' D2 R2 B R D R' D2
47156322132311,9041778,0,11,1,R B D2 R' D' B R D2 B2 R2 D'
52367412322232,9046456,0,11,1,R B D2 B' R B2 R D2 R2 B' R
25741632312323,9046846,0,11,1,R B2 R2 D2 B' D B D' R B' D2
52743611112131,9047718,0,11,1,R B D2 B' D B R2 D' B' D R
52761431111312,9048004,0,11,1,R B D B' D2 R D' B D' B D2
72541631111213,9048194,0,11,1,R B D2 B' D B2 D B2 D2 R' B
52743611111213,9054738,0,11,1,R B D B' R2 B D' B D' B2 R
42573613322231,9054904,0,11,1,R B R2 D' R' D' B R' B D' R2
65274133132223,9054994,0,11,1,R B2 R B2 R2 D R B D' R2 D'
67312541121221,9056138,0,11,1,R B D R' B2 R' B R2 D R' B
76543212323213,9058068,0,11,1,R B D2 R' B R' D2 B D B2 D2
32145671132222,9061226,0,11,1,R B2 R' D B' R2 D2 R' B' D2 B'
63452712333221,9063008,0,11,1,R B2 R B D' B2 D B D2 B2 R'
76145231131112,9063165,0,11,1,R B D2 B2 D' B D2 R' B' D2 R
36125473111211,9063604,0,11,1,R B D2 B2 D' B' D2 R D B2 R'
67254313311113,9065242,0,11,1,R B R' D R2 D' B D' R B D2
12365472223232,9066334,0,11,1,R B2 R D' B R D2 B2 D R D2
14632571321132,9066727,0,11,1,R B' R B' R' D B R2 D' B' D
67345211112233,9072803,0,11,1,R B2 R2 B' R B D' B2 R2 D' B
32765411331113,9073103,0,11,1,R B2 R' D R D' R2 B2 R D2 R
65174232133313,9074256,0,11,1,R B R B' D2 R' B D R B2 R2
17526431131121,9074336,0,11,1,R B D2 R' D' B' D R' D B' D2
27534162311111,9075971,0,11,1,R B D B' R2 D B' R' B D' B2
12376541322233,9076241,0,11,1,R B D' B2 R D' B' R' D2 R2 B
13246572331232,9077251,0,11,1,R B R2 B D' R B2 R D2 B D
32167453321232,9080726,0,11,1,R B D2 B R' B D2 R' B R B'
32476513232231,9081341,0,11,1,R B' R D' B R2 B2 D2 B' R D
14736521211212,9081464,0,11,1,R B R2 B R' D B2 D B2 R D
32765411133113,9081704,0,11,1,R B2 R' B R D' R2 B2 R B2 R
15642372213311,9083021,0,11,1,R B2 R B D2 B' R' B2 D R B'
36527413111112,9084614,0,11,1,R B D2 B' R B R2 D' R' B R'
32145672113333,9085842,0,11,1,R B D2 B' D R2 B' D' B R2 B2
41765323122212,9086139,0,11,1,R B D' R B2 D' R2 D' B D' B'
36752142123221,9087337,0,11,1,R B D2 B D2 B D' B' R B2 R
34621572132131,9088928,0,11,1,R B D R2 D' R D2 B' R2 B D'
64572131122223,9092237,0,11,1,R B R' D2 B D' B' R' D B2 D'
74561231111222,9094724,0,11,1,R B D2 B D' R D2 B' R D R'
36751243222322,9094797,0,11,1,R B D B2 D B' D' R' D2 B D
54167231221211,9095370,0,11,1,R B2 R' D' B2 R2 D B D R' D2
37612453122233,9095980,0,11,1,R B R' B2 D B' R' B' D R2 D'
54376211111222,9097235,0,11,1,R B R B2 R' D' B2 D' B2 D B2
36745213133111,9099586,0,11,1,R B2 R D2 R2 B' R B R' D2 R
36527412322232,9100022,0,11,1,R B D' B D R D' R2 D B' R2
16537421111222,9100636,0,11,1,R B R2 B' R' D2 B R' B R B'
67321452111122,9102891,0,11,1,R B R D' R D' B D2 B' D2 R'
65274132123332,9102907,0,11,1,R B D R' D R' B D2 B' D2 R
14736523113131,9103372,0,11,1,R B R2 B' R D2 R' D R B2 D'
53741621323112,9104286,0,11,1,R B' R2 D R' D B' R' B' R B2
76325413222223,9107076,0,11,1,R B2 R2 D R B2 R D' B' D2 R
34725613111133,9108476,0,11,1,R B R2 B' D B2 D' B R D2 B2
52471631223113,9108940,0,11,1,R B' R2 D R' B D' R' B' R D2
64321572132131,9111144,0,11,1,R B' R2 B R D2 B2 R B D R2
35462173123211,9111218,0,11,1,R B D2 B R2 B R' D' R D2 R
32561471131211,9111719,0,11,1,R B2 R2 B R D' B' D B' D' R
45612373132223,9111976,0,11,1,R B2 R B' D2 B' R2 D R2 D' R
67245131313323,9112019,0,11,1,R B D R2 D' R' D2 B D' B' R'
75321461311112,9113426,0,11,1,R B2 D' B R D R2 D R' D' B'
71543623111121,9113579,0,11,1,R B2 R' B R2 B R2 B2 D' R D'
53426171112233,9114568,0,11,1,R B R2 B2 D' R B' D' R D2 B'
45312761133311,9115456,0,11,1,R B R2 B2 D B' D B' D R B
74523611213111,9116140,0,11,1,R B D2 B2 D B' R D2 R2 D R'
76543213113131,9116878,0,11,1,R B2 R2 D B R2 B D' B' R2 D
71456321322323,9121984,0,11,1,R B2 R D R' B2 D2 R D2 R' B'
64275313312211,9123458,0,11,1,R B D2 B2 R2 D' B' R B' R D2
76341251113121,9123878,0,11,1,R B2 R B' R D R2 B2 R D B2
17426531112233,9124467,0,11,1,R B D' R2 B D' B' D' R2 D2 B
74156322122321,9125451,0,11,1,R B D R2 B' R2 D B D2 B D'
15643271331221,9125593,0,11,1,R B' R' B' D B2 R' B D2 B' D
23156473323332,9126521,0,11,1,R B R' B2 D' R2 D R' D2 B R'
16342571331221,9132010,0,11,1,R B2 D B' D B D' B2 R2 D R
17425631122112,9134241,0,11,1,R B D' B' R B' R' B R' D R'
34725613311113,9134765,0,11,1,R B D R B2 D2 R2 D B2 D' B
47162351322122,9137856,0,11,1,R B D B2 D2 B R' D R' B D
63471522332132,9138596,0,11,1,R B' R' D' B R2 B' D2 B' D R
65174232123131,9139269,0,11,1,R B R2 D2 B R' B D' B2 D B'
74156322313223,9141043,0,11,1,R B2 R B R2 B' D' B2 R B R'
72165432111113,9141271,0,11,1,R B2 R2 B R B' D' B D' B' R
56723411121113,9143795,0,11,1,R B D B' R2 B' D' B D B2 R'
64351272132131,9144340,0,11,1,R B D2 R' D2 R B2 D' B D B'
12376451221211,9151466,0,11,1,R B D2 R' D R' B2 R' B2 D' R2
73516243332131,9152072,0,11,1,R B D B2 R2 D R' D R' B R'
31462751113322,9152655,0,11,1,R B D' B' D R2 D B R2 B2 D'
72543163211111,9155172,0,11,1,R B2 R' B2 R' D R' B2 D2 B' R
45312762311111,9155440,0,11,1,R B R' D2 B2 R' B' R B' D B
63754213122122,9156340,0,11,1,R B R' B D' B2 D B D2 R' D
34725612331322,9157253,0,11,1,R B2 R' D B2 R' D' R' D R' B'
16427531231321,9157746,0,11,1,R B2 R D B2 R2 B' D' B2 D R'
34725613132223,9160748,0,11,1,R B2 R2 D R D2 R B' D' R2 B
75243611113232,9161137,0,11,1,R B2 R B' R2 D R B D2 R' B2
32465172332321,9162899,0,11,1,R B2 R' D R2 D' R D2 B' D' B2
76341251311313,9163869,0,11,1,R B2 R B2 R2 D' R D R' B2 R
36721452131111,9164498,0,11,1,R B2 R2 B D' B D B' R D R
52761432131111,9165027,0,11,1,R B D' B2 D' B2 R D' R' B R'
75634123323122,9165991,0,11,1,R B D2 B' D2 B R' B R B' R2
21354671221112,9166076,0,11,1,R B R2 D B2 D R' B D2 B D
76312453211111,9167262,0,11,1,R B R' B R2 B' D B' D' B R2
76325411122121,9167312,0,11,1,R B2 R' B2 R B' D' B D2 R B2
65123472312311,9168527,0,11,1,R B2 R B R' D2 R B D2 B2 R'
32547611312111,9169164,0,11,1,R B D' R' D2 R' B2 R B' D' R
76231451123111,9170896,0,11,1,R B2 D' B R' D' R D2 R D B'
76351423321232,9175341,0,11,1,R B R2 B' D' B2 R B' R D R'
76354213222223,9177399,0,11,1,R B2 R D2 R2 B D R D' R2 D'
46215372121223,9177802,0,11,1,R B D' B R2 D' R2 D' R B' R'
74163252112211,9179175,0,11,1,R B D2 R' B D' B2 R D R2 D2
34165271131211,9179533,0,11,1,R B2 R B' D R D2 B2 D B D2
76514321232113,9180298,0,11,1,R B D' R' D R2 D B' R B2 R2
14752633222223,9180955,0,11,1,R B2 R D' B2 D' R2 B D2 B' R
75246313312211,9182482,0,11,1,R B2 R D R2 D' R' B2 D B R'
36752143211132,9182911,0,11,1,R B D' B D2 R' B' D R' B2 R2
76543212132323,9183015,0,11,1,R B D' R D' B2 R2 D R B D'
34627512232313,9184919,0,11,1,R B D B2 R D2 R B' R B2 D2
35462171332331,9185301,0,11,1,R B2 R' B R' B' R B D2 B D2
16537421113322,9185525,0,11,1,R B2 R D' B2 R D B R2 D' R2
75246313332332,9186336,0,11,1,R B2 R2 D R' D B' R2 B R2 D2
76354121311313,9187654,0,11,1,R B R D2 B' R B D' B D' R'
47135622132332,9189068,0,11,1,R B D2 B' D B2 R2 D B' D R2
14537622231323,9189589,0,11,1,R B R2 B2 D R' D2 B R B2 D2
12347652223232,9192341,0,11,1,R B2 R2 B D R' B' D B' R' B
74365211333111,9196542,0,11,1,R B2 R' B D B' R2 D2 R D2 R
63721541233322,9198904,0,11,1,R B D' R2 D' R' D' B D2 R' D
45721363322231,9199053,0,11,1,R B D R2 B2 D' R D' R' D2 B2
46273512122312,9199435,0,11,1,R B D' B2 D' R' D' R B2 D' R
63125743133312,9200485,0,11,1,R B D2 B D' R' B D' R2 B R'
34127651312111,9200739,0,11,1,R B D' R' D2 R' B2 R B' D' R'
16275343122221,9206442,0,11,1,R B D' B2 R D' R' D' R B2 R'
32145672212222,9207565,0,11,1,R B D' R2 B2 D' R D B R2 D2
75264133121333,9207962,0,11,1,R B R D2 R B D' R B2 D B2
76543211333333,9210305,0,11,1,R B2 D' R B D' B D' B2 D' B
16357421223113,9210626,0,11,1,R B D' R' D' B D2 B' R D' B'
32167453313333,9211889,0,11,1,R B D2 B' D' B2 R B' R' B2 D2
26153473131131,9212061,0,11,1,R B D2 B2 R D' B D' R B R
65132471222111,9214366,0,11,1,R B R' B D' B' D B2 R' D' R'
13276541133122,9218390,0,11,1,R B' R2 D B D2 B R2 B R' B2
12745633313333,9220545,0,11,1,R B D' R' B R' D' B D2 R' D2
76312542322121,9222597,0,11,1,R B2 D B2 D R' D B2 D B R
32547611121113,9224614,0,11,1,R B D2 B2 D B' D B2 D2 B R'
76342513323212,9227932,0,11,1,R B2 R' B' R' D R2 B' D2 B R2
15634722321233,9228888,0,11,1,R B D2 B R' B D' B' R2 D R'
41735263123223,9229228,0,11,1,R B D' R2 B D' R' D' B D2 B'
71423653213232,9229332,0,11,1,R B' R' D' R B2 D' B R2 B' D
32167452211121,9230022,0,11,1,R B D2 R2 D R2 D' B D R2 B'
74561232111113,9230899,0,11,1,R B2 R D' R D R2 B2 R B D2
16245371231231,9232846,0,11,1,R B2 D R' D' B2 R D2 R D2 R2
54721631311133,9232940,0,11,1,R B D2 B' R D2 B' R2 B R D2
27634512233321,9233075,0,11,1,R B2 R B R2 D2 R' B' D2 B D'
74365211313113,9233526,0,11,1,R B2 R' D B D' R2 B2 R B2 R
32741651311121,9234041,0,11,1,R B D' R2 D' B2 R B' D' B R'
37516422333311,9234245,0,11,1,R B D R2 D2 R D' B R' D B
41752632311123,9235847,0,11,1,R B2 R' B' R D2 B' R' B' R D2
32561471311121,9237786,0,11,1,R B2 R2 B R' B D R' B D R
12347653332323,9240893,0,11,1,R B2 R2 D2 B' D B' R B2 R' B
74523611131112,9241131,0,11,1,R B D' B' D2 B' D2 B D' B' R
12347651133311,9242593,0,11,1,R B2 R B R' B D2 B' R2 D R2
56347213131332,9243582,0,11,1,R B2 R2 D B R' D2 R' D' R2 D
13276541321123,9246654,0,11,1,R B' D2 R B R2 B D2 B R' D2
12745632111122,9248137,0,11,1,R B D2 B R2 B' R2 B R' D' R2
24615371112332,9249214,0,11,1,R B D2 B R' B' R B' D2 R D'
62471532232133,9251585,0,11,1,R B R B2 R B D2 B' R' B2 D
12543671211212,9254589,0,11,1,R B2 D R' D2 B' R B D' R B
42751632323231,9255142,0,11,1,R B D' R2 B2 D' R' B D' R B
36125471111333,9257885,0,11,1,R B D' B D' B2 D' B D R B2
71432562111221,9260661,0,11,1,R B2 R' D' B' R D2 B' R2 B R2
36721452122321,9262554,0,11,1,R B2 R' D R2 B' D' R' D B' R'
76325411111213,9264333,0,11,1,R B2 R2 B D' R D B' R B R
13276542323312,9264728,0,11,1,R B2 R' D' R' D B2 R' D2 R B2
72165433331213,9267435,0,11,1,R B D' B2 R2 D' R D R B2 D2
34725612322232,9271204,0,11,1,R B2 R2 B R' D R B' R D B
54163271133221,9278451,0,11,1,R B2 D R' B R D2 B' D R D2
76325411113121,9283566,0,11,1,R B2 R2 B D B' D' B R' B' R
45312672223331,9285384,0,11,1,R B2 R' B' D R2 B' R' D' R D2
74325612221222,9286600,0,11,1,R B R2 B2 R' D' R2 B D2 B' R2
14527631121311,9290129,0,11,1,R B2 R2 D2 B' R D' R D2 R' B
32156472333332,9292618,0,11,1,R B2 R2 D2 R' D B D2 B2 R2 B'
76354212213323,9293035,0,11,1,R B D2 B D R2 B D2 B D2 B
17426532331331,9293986,0,11,1,R B2 D R2 D R' B R2 B R B
35426713131113,9295545,0,11,1,R B R B2 D' R B R' B D' B'
34125672131213,9295790,0,11,1,R B R2 B D R2 D' R' D2 B D'
14736521213333,9296600,0,11,1,R B2 R D R2 B' R2 D R B D'
74325613131212,9298870,0,11,1,R B R2 B2 R' D' B2 R D2 R' B2
54761233322321,9301297,0,11,1,R B D' B2 R2 D' B D' B' D R2
15367423211123,9302604,0,11,1,R B D' B R B' D R' B2 R2 D
14527633312133,9311871,0,11,1,R B D' B2 R2 D R' B' R B' D
67312452233321,9312538,0,11,1,R B D2 B' D B2 R' B' R2 B R'
14765231112131,9313601,0,11,1,R B2 R2 D2 B' R B' R D2 R' D
72365412222212,9317131,0,11,1,R B R2 B R D2 R' D' R2 B D'
12376542123212,9318532,0,11,1,R B R D' R2 B D' R2 B2 D B'
12463751231231,9319387,0,11,1,R B2 R B2 R2 D R' D' R D' R
12364751112212,9319840,0,11,1,R B D2 B D' R D' R' D2 B R'
64257131113223,9324250,0,11,1,R B D B2 R2 D' B R' B' D2 R2
51426733312211,9324882,0,11,1,R B2 R' B D2 B' R D2 B' R' B
36147253111112,9326606,0,11,1,R B D2 B' R B R2 D' R' B R
12467351131121,9328768,0,11,1,R B' D2 R' B R B D2 B R' B
14352672212111,9329288,0,11,1,R B R2 B' D2 R B' D2 B R D'
32146751232323,9332292,0,11,1,R B2 R D B2 D2 B' D R2 B' R'
75264133331213,9334439,0,11,1,R B R2 D2 B D' B R B' R2 B'
52471631323112,9339621,0,11,1,R B' D2 R D' R B' R' D' R B2
51324671211122,9342102,0,11,1,R B R' B' D B' R B2 D2 R' D'
71562433123232,9342302,0,11,1,R B D B' D2 B' D R2 B R' B
43176252311132,9343660,0,11,1,R B D' B2 R B D R2 B' R D2
76354122212222,9344499,0,11,1,R B R2 D2 B R' B R B' D2 B'
76523413223231,9345567,0,11,1,R B2 D R' D R D2 B' R B R2
52374161112323,9346404,0,11,1,R B R D2 R D' B' D R' D2 R2
34275162112322,9348309,0,11,1,R B D2 B' R B2 D2 R B' R D2
32167451213333,9350399,0,11,1,R B2 D' R' B D' R B2 D' B D'
76354212333332,9356140,0,11,1,R B2 R' B R' D2 B2 R' B' R2 D'
15642372231332,9360807,0,11,1,R B D' B R B2 R B' D2 R B2
25471362323132,9361317,0,11,1,R B' R2 B D' B D B2 R' D R
21376541111123,9362460,0,11,1,R B D B' R B2 R' B D' R B2
15624732333332,9363994,0,11,1,R B R' D B R2 B D' B2 R D2
65714323223123,9364745,0,11,1,R B2 R D' R2 B' R' D' R2 D' R
17453262211133,9364934,0,11,1,R B R2 B' R D' B R2 B' R2 B
47632153232321,9365709,0,11,1,R B' R2 D' B R B R2 B D' B
72345612122111,9366669,0,11,1,R B2 D R' B2 D' R B R' D B
25743611233232,9366861,0,11,1,R B2 R D2 R2 B D' B' R D' B
41725633111133,9367341,0,11,1,R B D R' D B2 D' B2 R B' R
73615423333331,9368427,0,11,1,R B2 R' B D B R' D2 B R' D'
16745233121213,9368885,0,11,1,R B R2 B2 R B R D' B2 D' B
32164572312323,9371378,0,11,1,R B' R2 D B R2 B R2 B D' R2
43561271111111,9373522,0,11,1,R B R D' B2 D' R' B' R B2 D'
52134761232113,9377921,0,11,1,R B D' R' D R2 D B D2 B2 R'
52341673232213,9381197,0,11,1,R B2 R B D2 B' R2 B R' B' D2
37624512231212,9382216,0,11,1,R B R' B2 R' D B D B2 D2 B
14723652331232,9382978,0,11,1,R B2 D B' R2 D' R B D' B R
34725613111112,9383718,0,11,1,R B2 R2 D2 B' D R' D R2 D' B
17426532121211,9384338,0,11,1,R B R B' R2 D R' B2 D2 R B'
16345272322232,9384433,0,11,1,R B2 D2 R2 D' B' D R' D2 R D
27453161132111,9384821,0,11,1,R B2 D' B' D' B2 R D' B2 D' B2
32157641232323,9385109,0,11,1,R B2 R B' D2 R D B D2 R' D2
13246573221233,9385634,0,11,1,R B2 R B R' B R B D2 R B2
32145673311113,9385862,0,11,1,R B2 R D B' R D2 R' B2 D R2
76541232221222,9387402,0,11,1,R B R2 B2 R' D' R2 B D2 B' D2
23165471311133,9388170,0,11,1,R B2 R B2 R2 D B D R' D2 R'
53741621332112,9391021,0,11,1,R B' D2 R D' B D' B' D' R D2
32175462233111,9391431,0,11,1,R B D2 R' B2 R B R2 B' D2 B
16257431132111,9398950,0,11,1,R B' R' B D2 R' D R B D' R2
67321451112311,9401112,0,11,1,R B D' R B2 R' B R' D' B R2
67354213211132,9401892,0,11,1,R B2 R' D' R D2 B' D' R' B R2
13275463213211,9403220,0,11,1,R B2 R2 D2 B' R' D R' D2 R B'
76315243323323,9405142,0,11,1,R B2 D R' D B R2 D' B R' D'
41236753232321,9407657,0,11,1,R B' R' B R' D2 B' D R D B2
12364753311131,9407880,0,11,1,R B D2 R' B R B2 R D' B' R
54327612223232,9411268,0,11,1,R B2 R' B D R B' R B' D2 R
62135473132121,9411800,0,11,1,R B2 D2 R2 D B D B' R B' R2
52761431112131,9413553,0,11,1,R B2 R2 D2 B R' B R' D2 R B'
72541631112131,9418420,0,11,1,R B2 R2 D2 B R' B R' D2 R B
67354212212222,9418839,0,11,1,R B D R2 D B D B' R2 D' R2
67345211111132,9420070,0,11,1,R B2 R2 D2 B D' B' D R' D R2
52147632111113,9423226,0,11,1,R B2 R' B R B D' R D' R2 B
21354761112233,9423399,0,11,1,R B2 D2 R' B' R D' R2 B R' B2
35246172213311,9423599,0,11,1,R B2 R' D B2 D' R D2 B' D' R
41625373121213,9429290,0,11,1,R B R D2 R' D' R2 B D' R' D'
76143253331333,9430291,0,11,1,R B R' D2 B R2 B' D R' D2 R'
14625732112121,9436972,0,11,1,R B2 R' B D' B2 R2 D' R' B2 D'
56132473211111,9439281,0,11,1,R B D' B' D' R2 B2 D' R D' B
56132473213211,9440758,0,11,1,R B2 R D B' D2 B D B2 D2 R'
32576142313223,9441075,0,11,1,R B2 R' D R2 D' R D2 B' D' B
25436713232321,9443582,0,11,1,R B' R' B' D R2 B' R2 B D' R
15642373221323,9444962,0,11,1,R B D B D R' D' B R2 D' B
65274131312213,9445257,0,11,1,R B2 R B' R D R2 B' R D R
62135473322321,9445801,0,11,1,R B2 D2 R' D' B R' D2 B D' R2
61472532123332,9447363,0,11,1,R B D R' D R' B D2 B' D2 R'
63712542221111,9448019,0,11,1,R B R' B D B2 D2 R' B' R D2
25436711311313,9449379,0,11,1,R B2 D2 R2 B' D B' R B2 D' B
32567413131212,9449748,0,11,1,R B R2 B2 R' D' B2 R D2 R' D2
43651722323132,9452080,0,11,1,R B' R2 B R' B D R2 B' D R
32157642231323,9456520,0,11,1,R B D2 B R B' D2 R B D B'
75246313212311,9458132,0,11,1,R B D' R D2 B' D' B D' R2 D2
17463251321231,9458965,0,11,1,R B2 R D' R2 B D R D2 B' R2
41765231233232,9468210,0,11,1,R B2 D B' R' D2 B R2 B D2 B2
67354213313333,9470480,0,11,1,R B D R2 D B2 D B' R' B R2
73625143121213,9471689,0,11,1,R B R B2 D2 R D' B R' B D'
14736521133131,9472169,0,11,1,R B D B D2 R2 B2 R B2 R' D2
16547233332323,9476441,0,11,1,R B2 R2 D2 B D' R B' D2 B R'
34165271311133,9479775,0,11,1,R B2 R B2 R2 D' B D R' D2 R
16745232122222,9484342,0,11,1,R B R2 B2 R B D B' D2 B' R
76345123311131,9488111,0,11,1,R B D B2 D' B' R2 D B2 D' B2
13675242331313,9488723,0,11,1,R B2 R' D R D R' B2 D B' R'
54621371133311,9491097,0,11,1,R B D' B D2 B' D B' D R D2
52147631121311,9492711,0,11,1,R B2 R2 D2 B R' D B' D2 B D'
14725361322332,9492793,0,11,1,R B2 D2 R' D' R D' R2 B R' D2
56423171231321,9494747,0,11,1,R B2 R2 D2 B' R D B' D B' R2
72165433121333,9494780,0,11,1,R B2 R2 D2 R D' B2 R B D2 R2
45167323322231,9498703,0,11,1,R B D' R D' B R2 B2 R B D
45376211333123,9504223,0,11,1,R B' R2 D2 B D' R2 B D' B' R'
14736251111132,9507223,0,11,1,R B2 R D R2 B2 R' D' B2 D R'
13275461112233,9509803,0,11,1,R B2 R' B2 D2 R' D B R' B2 R
32174562231212,9512038,0,11,1,R B R' D2 R' B D R B2 R2 B
12734561112323,9512618,0,11,1,R B R D2 R D' B' D R' B2 D2
73651241113322,9513570,0,11,1,R B2 R' D2 B2 R' D R D' B2 D
15724631322233,9514238,0,11,1,R B2 D2 R' B' D R' D2 B R' B2
72143651131112,9515859,0,11,1,R B D' B' D2 B' D2 B D' B' R'
35462171131313,9516229,0,11,1,R B R D2 B2 D' B' R2 B' D2 B2
15672342323312,9518630,0,11,1,R B2 R' D' R' D' B2 R B2 R' B2
36241753212311,9518697,0,11,1,R B' R2 B' R D2 R D2 B R B2
61534721112311,9520913,0,11,1,R B2 R' D2 R' D B' D2 R2 D' B
31475262333221,9521228,0,11,1,R B2 R2 D2 B' D' B D' R2 D R'
54167233331213,9525604,0,11,1,R B2 R2 D R B' D2 B' R' B2 R
67354212311132,9526066,0,11,1,R B D2 R2 B R' B R' D2 R B'
14275633323122,9527722,0,11,1,R D R2 B' D2 B' R D' B2 R2 B
12356471113133,9529762,0,11,1,R B R2 D2 B' D B D' B D2 R
36147251121311,9530714,0,11,1,R B2 R2 D2 B R' D B' D2 B D
45721363321313,9531170,0,11,1,R B2 R2 B D' R2 B R2 B R2 B2
65132471212112,9531834,0,11,1,R B D' R D' R' B R2 D' B' R'
74132562122111,9534418,0,11,1,R B D2 R' B' D' B2 R D' B2 D
72546313323212,9535716,0,11,1,R B2 R' B' R' D' R2 B R2 B' R2
65174233331213,9536182,0,11,1,R B D R' B2 D' R D R B2 R2
34521672223232,9538603,0,11,1,R B2 D R' B D' R2 D B' R' B
52761431113121,9541089,0,11,1,R B2 D R' D B' R2 B R' B' R
32741651131211,9541353,0,11,1,R B2 R' D R B R' D R' D2 B
65432173232321,9542118,0,11,1,R B' R2 D' B R B R2 B D' B'
32465172112121,9546843,0,11,1,R B2 R2 D2 R' B R D2 R2 B2 R'
45312761113211,9548515,0,11,1,R B2 R' B2 R D2 B2 R' D' B2 D2
71456322111221,9551760,0,11,1,R B2 R' D' B' R' D2 B D2 B' R2
72563411113121,9554141,0,11,1,R B2 R' D B R B' D R' B2 D
76354212312233,9556454,0,11,1,R B2 R D' R D R2 B' R B R
14765231111213,9558690,0,11,1,R B2 D2 R2 D' R' B R' B2 R D
17526431231321,9558854,0,11,1,R B2 R B2 D2 R D2 R' D2 R2 B'
76341251221121,9560825,0,11,1,R B' R2 B' D B2 R2 D B' D2 R
23164753333313,9560968,0,11,1,R B R D2 R2 B' R B' R2 D2 B'
56127433332323,9563367,0,11,1,R B2 R2 D2 B D' R B' D2 B R
32465173133111,9564093,0,11,1,R B2 D2 R2 B' D R' D R2 B' R
16573241123123,9565117,0,11,1,R B' R D R2 D2 B2 R' B' R B2
12536741112323,9566404,0,11,1,R B R D2 R D' B' D' B2 D2 R
31475261322233,9567278,0,11,1,R B2 R' D2 B2 R' B D B' D2 B
13246573321223,9567364,0,11,1,R B2 R B' R2 D B D2 R' D' R
21375462312233,9568161,0,11,1,R B R D2 R D' B' D R' D2 R'
52341672232313,9572305,0,11,1,R B2 R D R2 D' R2 D R' B' D2
21376541131133,9572486,0,11,1,R B D R' D R B2 R2 D' R' B
41735621233232,9573128,0,11,1,R B R B' R B2 D' B2 D R B2
63752143223123,9575367,0,11,1,R B' R2 B D B2 R2 D2 B D' R'
75613243133213,9575652,0,11,1,R B2 R' B R D R' D2 B D' R'
74132563132112,9578400,0,11,1,R B2 D' R B2 R2 B' R D2 B' D2
47265312122222,9580959,0,11,1,R B R B2 R' D' B2 R D' R' D'
54167232133313,9582739,0,11,1,R B2 R2 D B D' R2 D' R' D2 R
36125473323233,9586274,0,11,1,R B2 R' D B' R2 D2 R D' R B2
14752363233131,9586488,0,11,1,R B2 R D2 R2 B R' B R2 B R2
67145323133312,9588172,0,11,1,R B2 R2 B D' B2 R B2 R B2 R2
65174323223123,9589675,0,11,1,R B2 D' B' D2 B R2 D' R D R2
54361272223232,9594745,0,11,1,R B2 D2 R' B D R2 D2 B R D
32765411112221,9598804,0,11,1,R B2 R' B R' B2 D2 B D' B R2
57164322131312,9600877,0,11,1,R B R' B2 R D R2 D R' B' D
72516342313223,9601441,0,11,1,R B2 R B R2 B' D' B2 R B R
72356141112323,9602375,0,11,1,R B R' D2 R B' R B R2 D2 B'
54376121322233,9604121,0,11,1,R B D2 B2 R' B R' D' B R2 D'
54721632212222,9605063,0,11,1,R B2 R2 D R D' R2 D' B' R2 B
14736521132222,9605852,0,11,1,R B2 R D R' B R D B2 R B2
54721633313321,9607917,0,11,1,R B2 R D' R D' B' R B' R D2
63452711311313,9608731,0,11,1,R B2 D2 R2 B R B' R2 D B' R
41325671212211,9609460,0,11,1,R B D2 B' R2 D R' D2 R B D'
14736521221313,9613092,0,11,1,R B2 D' R D2 R2 D' B D2 R' D2
53126471321321,9617371,0,11,1,R B' R' B2 R D R2 B' R2 B D2
32567412122222,9620175,0,11,1,R B R2 D' R B R B2 R2 D' R
62135473131131,9620278,0,11,1,R B2 R2 B' D B' R2 D R' D' B2
23756143222331,9620646,0,11,1,R B' D B D2 B' R D2 B' D2 B
67345211311133,9621843,0,11,1,R B2 R B' R2 B' R2 D B2 D' B
35617423131332,9625871,0,11,1,R B2 R2 D2 B' R' B D' B2 D B'
57246131112233,9625913,0,11,1,R B D2 B2 R' D R' D' R B2 D'
25436712132122,9629271,0,11,1,R B' R D2 B' D' B D' R2 D R'
62135471122121,9630240,0,11,1,R B2 R2 B' D' B R2 D' B D B2
45367211111132,9634941,0,11,1,R B2 R' D' B2 R D' R2 D B' D2
37652143231322,9635329,0,11,1,R B2 R D' B2 R2 B' R D R2 D
71453262222221,9636765,0,11,1,R B2 R' D B D R' D2 B D' B'
36721453113113,9637007,0,11,1,R B' R D' B2 R D R2 B' R D'
13647521111111,9637260,0,11,1,R B R D B2 D R' B' R' B2 R2
12645371131121,9639750,0,11,1,R B' D2 R' B R B D2 B R' B'
76321543311131,9640171,0,11,1,R B D B2 D' B R2 D' R2 D B2
62543711211113,9641057,0,11,1,R B2 D' B' R' D2 B D' R2 D' R2
32145671333333,9642801,0,11,1,R B2 D' B D R' B R' D2 R' D
23165472132332,9643285,0,11,1,R B' R B' R2 B R' D R B2 D'
14752633223231,9644161,0,11,1,R D R B' D R' B' D2 R2 B' D
14527631311121,9644959,0,11,1,R B2 D2 R2 D' R' D R' B2 R B
76315241112113,9646713,0,11,1,R B' R D2 R' D R' B R2 D2 B2
31264573132313,9649458,0,11,1,R B R B' D2 B R' D' B2 D2 R'
67321542232133,9654722,0,11,1,R B D B2 R' B' R2 B D R2 D
14736523112222,9657388,0,11,1,R B2 R D' R2 B R D2 B' D' R
56741233111112,9659417,0,11,1,R B2 R2 D2 B D' B R' D2 R D
76215341231231,9659540,0,11,1,R B R D' R B2 D' R2 D B R2
14763521113211,9662441,0,11,1,R B2 R B2 D2 R B2 R' B2 R2 D'
32145671123333,9663867,0,11,1,R B2 R' B R2 D' R' D' B R' B'
16537421113331,9666975,0,11,1,R B D2 B D R' B2 D R D B'
31564273113311,9667924,0,11,1,R B D B' R B R2 B2 D' B' R
56423173133111,9668987,0,11,1,R B2 D2 R2 B R D' R2 B R' B
25736411231321,9670922,0,11,1,R B2 R' D' B R2 D' B' R' D B2
35426712131132,9671020,0,11,1,R B2 R2 D B' R D' R2 D R2 B2
32761452222212,9676708,0,11,1,R B D2 R' D' R2 D B D2 B D'
76541233121213,9680698,0,11,1,R B R2 D' R D B R2 B2 D' B
71542633132322,9683432,0,11,1,R B R2 D' R2 D R2 B' D B R'
27435612122222,9683553,0,11,1,R B R D2 B2 R D' B D' B D'
61274532231323,9683837,0,11,1,R B R2 D2 B' R D B' R B2 D
72365413131212,9687224,0,11,1,R B R2 D2 R' B' D' B D2 R' D
23456173233122,9687766,0,11,1,R B' D R D2 B2 R B D2 B2 R'
31257462312311,9690636,0,11,1,R B2 R2 D2 B' D' R D' R2 D B'
34125672221222,9691223,0,11,1,R B R2 D2 R' D' B' D B2 R' D
35162473332122,9696552,0,11,1,R B' R B2 R D R D' R D2 R'
76342512232223,9700458,0,11,1,R B2 D R D2 B2 R D' R D2 R'
14356721112323,9700814,0,11,1,R B D B2 D B' D' R' B2 R2 D
15724632323333,9701387,0,11,1,R B2 R2 B' D' R B2 D' B R D2
36752142122132,9702512,0,11,1,R B2 R2 D R' B D' R2 D B2 R2
54312672212111,9702710,0,11,1,R B R' D' R' D R2 B' D B2 D'
65134721233232,9704042,0,11,1,R B2 D' R2 D R B2 D2 R' B' R2
23156471222132,9704570,0,11,1,R B2 R' D R2 B' R' D' R2 B R
32164572233321,9712163,0,11,1,R B' D2 R B D2 B R2 B D' B2
34275161312213,9712743,0,11,1,R B R B2 R D' B' R B' R2 B'
16345271222111,9712773,0,11,1,R B' R B2 D R2 D' B D' B2 D2
32761452121313,9715476,0,11,1,R B R' B2 D R2 D' B D' R2 D'
73625412222323,9716384,0,11,1,R B D2 B2 R B' R2 D B R2 D2
56347212232223,9716550,0,11,1,R B2 R D B2 D' R2 D B' R' D2
56712343211123,9716975,0,11,1,R B2 R' B R2 B' D R2 B' R' B
32145671221112,9717010,0,11,1,R B' R D2 B R2 B' R B' D2 B2
32741653111112,9722582,0,11,1,R B2 R2 D2 B D' B R' D2 R D'
46321752111131,9723989,0,11,1,R B' D2 B D' R B R2 D' B R
56132472333332,9725363,0,11,1,R B2 D2 R2 B D' R B2 D' B R'
37452162323312,9725583,0,11,1,R B R D B' D2 R2 D' R2 B' R
32765413231223,9729389,0,11,1,R B2 D' R' B D2 B D B2 R2 B
32615473332122,9730659,0,11,1,R D R2 B' D2 B' D R' B2 D2 B
32741652111113,9732955,0,11,1,R B2 D B' R D' R2 D R' B' R
35246171111111,9734312,0,11,1,R B R B2 R D' B' R B' R2 B2
54721631122121,9734446,0,11,1,R B2 D' R D2 R' D' B R' B2 R2
25436712123332,9735241,0,11,1,R B2 R2 B' R2 B D R' B2 D B'
17462352213311,9737186,0,11,1,R B2 R B D2 B' R' B2 D R B
14527632122213,9737473,0,11,1,R B2 D2 B D R2 D R D2 R' B
17642531111111,9741636,0,11,1,R B R B2 R D' B' R' D2 R2 B
14327652131213,9742627,0,11,1,R B D2 R' D' B2 D R D2 R D'
24651731113223,9743808,0,11,1,R B D' B D' B D2 B2 D R D
14726531223122,9747742,0,11,1,R B' D2 R2 B' D B' R2 D B' R2
37624513231313,9749195,0,11,1,R B R2 B' D B2 D' B R D2 B'
16374521112323,9750137,0,11,1,R B D B2 D B' D' R D' B2 R2
45613271331221,9750267,0,11,1,R B R' B2 R' B D2 R' D2 R B'
24561372111131,9750464,0,11,1,R B' D2 B R' B R B2 D' B R
23167542131222,9750711,0,11,1,R B2 D' B2 R D' R' B R' B D'
15734622331223,9753008,0,11,1,R B R B D B' D2 R B2 R B2
12357641113331,9754184,0,11,1,R B R2 B2 D B' D2 R D B2 R2
21354761113211,9756837,0,11,1,R B2 D2 R2 D B R B' R D' B2
13725642332132,9759328,0,11,1,R D B2 R' D2 R' B R' D2 B2 D
56423172112121,9759436,0,11,1,R B2 D2 R2 B R' D B2 R' D B'
32561471122211,9760947,0,11,1,R B2 R' B2 R D' R' B D2 R D2
21374653333121,9761801,0,11,1,R B2 R D R2 D R' B' R2 D2 B'
14726531232122,9763177,0,11,1,R B' R2 D2 B' R D' B2 R D' R2
65423713321322,9764036,0,11,1,R B R2 D2 B2 D' R D' R B2 R'
67345211211122,9764270,0,11,1,R B2 R2 D2 R' D R D2 R2 B2 R'
54362711323112,9765276,0,11,1,R D R' D' R D' B R2 D2 B' R
56247132333233,9765469,0,11,1,R B D' R' D' R D2 B' D B2 D'
42573612323231,9768592,0,11,1,R B2 R B2 R' B2 D2 R' B2 R2 D'
15724632323231,9768805,0,11,1,R B2 D2 R2 D R B R' B D' B2
24153672321233,9769259,0,11,1,R B R B2 R2 D' B R2 B' D2 B2
54367123311113,9770693,0,11,1,R B D2 B2 R B' R B' R D R
17246351111111,9771669,0,11,1,R B R B2 R D' B' R B' D2 R2
51742632323231,9772590,0,11,1,R B2 R' B2 D2 R' B2 R' D' B2 D2
72165433233323,9773561,0,11,1,R B' R B R' B2 D R2 D R' D
14625732233111,9773630,0,11,1,R B2 R D' B R D2 B' D R B
56741232111113,9773992,0,11,1,R B2 D2 R' D R B2 R2 D R D
26453711333333,9774417,0,11,1,R B2 R2 B R' D2 B R2 B D2 B2
14527631211131,9779226,0,11,1,R B' R B R2 D' B' D B2 D' R'
74312652333332,9782752,0,11,1,R B R2 B2 D B' D B' D R B2
12365471211122,9782801,0,11,1,R B2 D B' D2 R' D R D' R D
72541631113121,9785625,0,11,1,R B2 D2 R' D B R2 B2 D R B
24315762213323,9785654,0,11,1,R B R' D R B2 D' R D R2 D'
67321451311133,9786086,0,11,1,R B D' B' R D' R B2 D' R' D2
62135743222331,9786443,0,11,1,R B R' B' R D' R2 B2 D' B' R2
65174322313211,9789628,0,11,1,R B R B2 R B2 R B' D2 R2 B'
35462173221221,9790743,0,11,1,R B' R' D' B2 R B R B' D' B
76354122112121,9792795,0,11,1,R B D' R B R2 B R' D2 B D2
54367121113211,9795762,0,11,1,R B D' B2 R2 D' R' B R' B R
14652733321331,9795958,0,11,1,R B R B D2 R D' B2 R2 D' R
47132652233321,9798374,0,11,1,R B2 R' D2 R B' D B' D2 B R
12364751113133,9800028,0,11,1,R B2 R' D R2 B' R D R D' B'
34165271121311,9800473,0,11,1,R B2 D' R' D2 B D B2 D2 B' R'
23165472111122,9800529,0,11,1,R B2 R2 B' D2 B D B' R2 D B'
35426713312211,9801663,0,11,1,R B2 D' R D' R D2 R B R' D2
27534161111111,9802410,0,11,1,R B R B2 R D' B' R B' R2 D
74265312333233,9803176,0,11,1,R B D2 B' D2 R D' R2 D B D'
15463271313113,9805254,0,11,1,R B R2 D R' D R2 D2 B' R' B
35462172213311,9809193,0,11,1,R B2 D' R B' D R2 D R B' D2
54367122311111,9809943,0,11,1,R B2 R' B2 D2 R' D2 R' D' R2 D2
16527341111111,9810354,0,11,1,R B D R2 D B2 D R B R2 D2
23176452132221,9810434,0,11,1,R B2 R2 B' R D' R D2 R B D2
53476121323112,9811703,0,11,1,R D R2 D2 B' D B2 D' B R2 B'
76341252323333,9811760,0,11,1,R B2 R' D B' D R2 B' R' B D'
12347653111133,9813695,0,11,1,R B2 R2 D B D2 B D' R' D2 B
26437512122312,9813746,0,11,1,R B2 D' R2 B D' B' R D' R D'
74163253121111,9817669,0,11,1,R B' R D R2 B' R' B D2 B' R'
27536412332312,9821678,0,11,1,R B2 R2 B' D R' D R2 D B D2
23164752131312,9823664,0,11,1,R B D R2 B2 D B' D B' R D'
43572612312323,9826377,0,11,1,R B2 R' D2 R D' B D' B2 D R
31256471231222,9826390,0,11,1,R B R B2 D B2 D2 B R' B2 D2
13546271321321,9826802,0,11,1,R B' R' B2 R D' R2 B D2 B' D2
21354761133311,9828777,0,11,1,R B2 R2 B' R B' R2 D B' R' D2
47132562311111,9829734,0,11,1,R B2 R B2 R' B2 R B2 D2 R2 D'
16725432211121,9829950,0,11,1,R B2 R' D R' D R2 B' D' R D'
41726352313322,9830932,0,11,1,R B R2 D2 B R' B' R' D2 R2 B'
61234572231323,9831245,0,11,1,R B2 D R2 D' R D' B D' B' D
71426353312211,9836382,0,11,1,R B2 R D R2 D' R' B2 D B R
61543271112311,9837446,0,11,1,R B' R2 B' D B2 D B2 R D B2
76325412333233,9838313,0,11,1,R B2 D2 B R2 B D' R B2 R' B
62531472321233,9838562,0,11,1,R B D' B D R2 D2 B' D' R D2
71423563213232,9839118,0,11,1,R B R' D2 R' D R2 B' D2 B R'
36752143133222,9841266,0,11,1,R B' R' B' R2 D B D R' D' B
76312542321212,9841989,0,11,1,R B D B' R2 D B' D2 R2 B R'
76342511111321,9845208,0,11,1,R B' D B2 D' B2 R B' D' R' D
27516341111111,9854146,0,11,1,R B R B2 R B2 R B R B2 D2
12347652123233,9854478,0,11,1,R B2 R' D2 R B' R' D R2 B D2
12365741113331,9854863,0,11,1,R B D' B R D2 R2 D' R' B2 D
71345262132131,9855555,0,11,1,R D B2 R' D2 R' D B' D2 R2 D
23167541233322,9855685,0,11,1,R B2 D' B2 R D' B' D R' D R'
43512671313332,9857042,0,11,1,R B R' D R' D2 R B R2 D' B
17643251122112,9857915,0,11,1,R B R' B R' D2 R B' D' B' D'
36714523132322,9857957,0,11,1,R B2 R B D' R B R B2 D B2
31572461122133,9858091,0,11,1,R B R2 D2 B R2 B R D' B R2
52163471112122,9859239,0,11,1,R B2 R' D' R2 B2 D R B R' B2
25734162221111,9860660,0,11,1,R B R2 B2 R B2 D R2 D2 B R'
71432563232213,9861037,0,11,1,R B2 D B R2 D2 B D' R B2 R'
27634511131133,9861813,0,11,1,R B2 R' D' B' R D2 R B2 R' B2
43615272113321,9862770,0,11,1,R B R2 B' D2 R2 B R B' R D2
54376211111132,9865733,0,11,1,R B2 R2 D2 B' R B D' B D' R2
14752631112311,9867014,0,11,1,R B' R B' D2 B D2 R' D R B
71462532111212,9868578,0,11,1,R B D R' D2 B D' B2 R2 D R'
64275311112332,9871428,0,11,1,R B2 R2 B R' B2 D R2 D B2 D2
16524731113133,9873449,0,11,1,R B2 R B' D2 R2 D' B R D2 R
34725612121322,9873575,0,11,1,R B2 D' R D R' D B' D2 B' R
72365413331333,9874782,0,11,1,R B2 R D' B D2 B' D2 R D' B'
13576241321321,9874953,0,11,1,R B R' D B R' B2 D R' B D'
76325411331311,9875612,0,11,1,R B' D R' B2 D B R2 D' R D'
74125633332323,9876052,0,11,1,R B2 D' B' D2 R B R2 B2 R' D'
25716433223213,9878524,0,11,1,R B2 R2 B' D B' R B2 R B D2
12347561112212,9880837,0,11,1,R B D' R D R2 D2 B' R' B D2
32456173212332,9881295,0,11,1,R B D B D2 R B' D2 R2 B' D
12753462231323,9881644,0,11,1,R B R2 B2 D R' D2 B R D2 B2
36714522122213,9881787,0,11,1,R B D' B2 D' B R D R2 D2 R
54123673233323,9882244,0,11,1,R B' R D R2 B' D R' B R2 B'
35472163231322,9882356,0,11,1,R B2 R' B D2 R' B D B D' R'
12745633131131,9882826,0,11,1,R B2 D' B' D B2 D R B2 D2 B
32745612313322,9887962,0,11,1,R B R2 D B2 R' D' B' D2 B' R'
73625143333313,9888592,0,11,1,R B R' B D2 B R2 D' B R' D'
21654372231323,9889123,0,11,1,R B2 D R2 D' R D' B D' B' D'
76143252131312,9891288,0,11,1,R B D2 B2 D R B D' R2 D' B
73456123231322,9891771,0,11,1,R B R D B' D2 B R' B R' B'
74163252131111,9892245,0,11,1,R B2 D2 R2 D' B' R B' R2 B D
32761453133333,9893224,0,11,1,R B D2 B2 D R D R' B2 R' B
13254761322233,9894843,0,11,1,R B' R' D2 B D' R' B D' R2 D'
14527632212111,9895801,0,11,1,R B2 D2 B R2 B R' D B2 D' R
76325412231212,9896192,0,11,1,R B2 D2 B D B2 D B R2 B' R
75213642223133,9897006,0,11,1,R B D2 B' R B' R D2 R' B2 R
34725612231212,9897250,0,11,1,R B2 D2 B R D2 R D R2 D' B
41725631211122,9902736,0,11,1,R B2 R' D R' D2 B2 R' D' R2 B'
74163251121122,9904998,0,11,1,R B2 D2 B D2 B D' B D2 B' R
31264573222223,9910145,0,11,1,R B2 R D' B2 R B R2 D' B' D
12354763131131,9911722,0,11,1,R B2 R B2 R2 D R' D R2 D R2
36125473232222,9912660,0,11,1,R B2 D' B' R D2 R B R2 D2 R
52147631131211,9912674,0,11,1,R B2 D B' D B' R2 B D' B' R
36721452122213,9913318,0,11,1,R B2 D2 B R B2 R D R2 D' R
34725611212211,9914138,0,11,1,R B2 D2 B D2 B R' D R2 D' R
64271533221212,9914612,0,11,1,R B2 D' R2 B D' R' B D' R D'
46125731333123,9916533,0,11,1,R B D R' D B D2 R' D R B2
71532463221332,9918705,0,11,1,R B R D2 R D' R B' D B D
46375213123121,9918788,0,11,1,R B' D2 R D' R' D B D' R B2
36721452121322,9919454,0,11,1,R B2 D' B R D' B R' D2 R' B
13527461211113,9919552,0,11,1,R B' D' B D2 R' B D R D' R2
25463713212332,9921300,0,11,1,R B R' B' D2 B' D' B2 R B2 R'
67354211212121,9921514,0,11,1,R B R' B2 R D' B2 R D B D2
21364753212212,9921966,0,11,1,R B R D B D' B2 R B2 R B2
43675211221331,9928636,0,11,1,R B D R B D' R2 B R2 B D2
32546713323212,9932781,0,11,1,R B D B D' R2 B2 R' B2 D' B
71432561232323,9934592,0,11,1,R B' R B2 R' D2 B R' D' B' R
76345123311113,9937977,0,11,1,R B2 R2 B' R D' R2 B R' B' D2
75264311223122,9938180,0,11,1,R B2 R2 B R2 B D2 R' D B2 D2
25714632223331,9944722,0,11,1,R B' R2 D R2 D' B R' D2 R' D
31456722111221,9946472,0,11,1,R B D R B' D2 R2 D' B2 R' B
24536713231232,9949811,0,11,1,R B R D2 B D2 B2 D R' B2 D2
32164572232313,9950436,0,11,1,R B' R D' R B2 D' R' B D2 B'
32156742313223,9952738,0,11,1,R B2 D' B D' R D2 R D R' D2
76341251112131,9954308,0,11,1,R B2 D' B' R2 D B D2 B2 D' R'
26715433231322,9958440,0,11,1,R B D' R B D2 B2 D' B' D2 R
76514321112323,9959972,0,11,1,R B D B2 D B' D' R D' R2 D2
45673212212132,9963480,0,11,1,R B R' D2 B2 D' R' D B' R B'
14625731131121,9965596,0,11,1,R B' D' B' D R2 B' R2 B R' D
35462171212121,9966301,0,11,1,R B D B2 R' B2 D B R2 B R'
51724363121213,9966440,0,11,1,R B D' R2 D B R2 B D' B' D
26135742213323,9966548,0,11,1,R B R' B D R2 B' D R B2 R'
14765231111312,9969492,0,11,1,R B' R D R' B2 D B2 D B' R
32164572232223,9970249,0,11,1,R B' R B' D R D' B D B' D'
15624732133313,9970895,0,11,1,R B D2 R2 B R' B D R' B2 R'
12375641113112,9971138,0,11,1,R D R' B2 R' D' R' D B2 R D'
31264752132122,9975726,0,11,1,R B2 R D' R B' R' B2 R' B2 D2
74325613133333,9976131,0,11,1,R B D2 R' D R B R2 B2 D' B
74561233111112,9976468,0,11,1,R B2 D' R' B2 D B D2 B2 D' R'
63741252222323,9977198,0,11,1,R B2 D B2 D' R D' R B' R' D
16524731112233,9977282,0,11,1,R B' R' B2 D B' D' R D' R2 D'
52314761322122,9980394,0,11,1,R B2 R2 B D2 B' D2 R D' R2 D2
24516732233111,9983498,0,11,1,R B D R2 D R' B' D R' B2 R'
73125463133132,9983509,0,11,1,R B R' B2 D B' R B D' B2 D'
47265312131312,9985477,0,11,1,R B D B2 D' B' R2 D B' R' D'
72345613333331,9985707,0,11,1,R B' D' R D' B' R B2 D' B2 D
36147251131211,9986249,0,11,1,R B2 D2 R' B R B2 R2 D B D
45321671221121,9990197,0,11,1,R B' R B R2 D2 B R D2 R2 B'
65271341332331,9992460,0,11,1,R B R2 D2 B R' B D' B R' B'
13462571111111,9993948,0,11,1,R B D R2 D R' B' D' B2 D2 R
45321671212211,9994944,0,11,1,R B D' B' D' R D2 B' D R2 D'
72165432211112,9995848,0,11,1,R B2 R' D2 R D' R' D B2 R D2
37624513131323,9998148,0,11,1,R B D R B2 D2 R2 D B2 D' B2
15426371111111,9999269,0,11,1,R B D R2 D R' B' D R' D2 B2
54362171113133,9999342,0,11,1,R B R B D' B2 D R' B R' D'
45612371133221,9999573,0,11,1,R D R' B2 R B R' B D' B D2
14762351221331,10001889,0,11,1,R D R2 D' R' B2 D B' R B D'
47156233211132,10002427,0,11,1,R B' R2 D R2 D' R B' D2 B' R
34172562132332,10002620,0,11,1,R B2 R D' B D' B' R2 B' R2 D2
46523711331332,10007491,0,11,1,R B R2 B' D B' D R' B D B2
27134561131133,10008562,0,11,1,R B R' B' D R D' R D2 R' B
76354123211123,10011370,0,11,1,R B2 R D B2 D' R' B2 D B D'
47321651311133,10012871,0,11,1,R B R B R2 D' B2 D R2 B' D'
14523672121313,10015114,0,11,1,R B D2 B2 D' B' D2 R B2 R' B2
65174233323212,10016129,0,11,1,R B2 R' D B2 R' B' D' R2 B D
25741632222323,10027915,0,11,1,R B2 D B2 D' R D' R B' R' D'
17364251231231,10028256,0,11,1,R B2 D' B2 D R D2 B2 R' B' R2
71462533221113,10028808,0,11,1,R B2 D' B D2 B2 D' R D2 B' R2
12765432121313,10029552,0,11,1,R B D2 B2 D' B' D2 R B2 R' D2
31264572122213,10030391,0,11,1,R B D' R2 D' B D B R2 B2 R
36145272131312,10031394,0,11,1,R B D2 R' D B R B2 R2 D' B
14573261333111,10038796,0,11,1,R B D2 R D' B R2 B2 D' R' B
67354212111221,10039118,0,11,1,R B2 R' B R2 D' B' R' D2 B D
63142571111111,10040706,0,11,1,R B R' D' B R2 B R B' R2 B2
24615732213311,10041976,0,11,1,R B R2 D' B R D2 B2 R B' R'
13246572321332,10045507,0,11,1,R B2 D R2 D R D B R2 B R'
36714523132223,10049768,0,11,1,R B2 R B' D2 R B D2 R' B' D
35461271111231,10051075,0,11,1,R B' D2 B R' D R2 B' D2 B R2
16543721111111,10051597,0,11,1,R B D R2 D R' B' D R' B2 D
12357461113331,10051828,0,11,1,R B2 D2 R D2 R D' R' B' D2 B'
16523741112212,10051964,0,11,1,R B R D2 R2 B' R D2 R' D2 R2
13245671321111,10052397,0,11,1,R D R' B D2 R D' R' B' D2 B'
34516271111111,10053823,0,11,1,R B D B' D2 B' D' R' B R2 D'
63472512123332,10054537,0,11,1,R B R B2 R' D B2 R' B2 R B'
36745212123323,10054773,0,11,1,R B2 D' R' D B' R B2 D' R B'
14726532232313,10055561,0,11,1,R B2 D B D2 R2 B D' B D2 B'
76143252221222,10058691,0,11,1,R B2 R B' R B2 R' D2 B D' R'
13254763323122,10058794,0,11,1,R D R' B' D' B' R2 D R' D2 R
72541631111312,10060288,0,11,1,R B' R B R2 D' R D' B D2 B'
76213543311332,10062561,0,11,1,R B D' B R' B R' D2 R B2 D'
17426531132312,10063855,0,11,1,R B2 D' B R2 B2 R' B D2 R' B2
32561471113133,10067215,0,11,1,R B' R B' D2 R D R2 B' R B'
46123571111111,10075380,0,11,1,R B R' B2 R D' R D' R2 B2 D2
73645211231111,10077112,0,11,1,R B' D R2 D' R D' B R2 D2 B2
65174232323312,10077712,0,11,1,R B2 R' B D2 R' B' D' B2 R D
76312453311311,10079588,0,11,1,R B2 R' B' R' D R2 D R2 D' R2
41563273113311,10084252,0,11,1,R B R2 B2 D R' D' B D2 R B
41657321222312,10085130,0,11,1,R B R' B R' D B2 D R' D B2
76341253221212,10094119,0,11,1,R B' R' B D' R' B D2 R' B2 R
67354121111111,10094790,0,11,1,R B R B2 R B R2 B R B R'
16574231113133,10100923,0,11,1,R B R2 D2 B2 D' B R' D' R D
12376542121232,10104115,0,11,1,R B2 R B D2 R' B2 D B R B'
37614523232213,10104461,0,11,1,R B' R D' B R D' B R B' D'
76345122211121,10104768,0,11,1,R B2 R2 B' R' D B2 R' D B D2
56347212123233,10105616,0,11,1,R B2 D' R B2 R' B' R B' D2 B2
53476121323322,10107133,0,11,1,R D R2 D2 B' R B2 R' D B2 D'
36527412131222,10110751,0,11,1,R B' R' D R' B' R D2 B' D2 B
34167252213323,10114508,0,11,1,R B R' D' R B D2 R2 B2 D R
52376413222223,10117520,0,11,1,R B R' D' R B D2 R2 B2 R' B
76354121313131,10126090,0,11,1,R B D R B D' R' B D2 R' D
35476122221111,10129633,0,11,1,R B R' D B2 R' B R' B2 D2 R
53642171111111,10131540,0,11,1,R B R' B2 R D' R D R2 B2 D'
16723451122133,10131983,0,11,1,R B R' D2 B2 R' D B' D' R B2
56432713122122,10132091,0,11,1,R B2 R' D B' R2 D' R B' R2 B2
51324763113332,10132643,0,11,1,R B R' B' D B D' B2 R2 B R2
12347651122112,10140174,0,11,1,R B' D R2 B R2 B' D B' D2 B2
31265471122133,10147633,0,11,1,R B2 D R' B D R2 B' R D' R'
26153471122121,10148774,0,11,1,R B2 D' R' B2 R D2 B' D R B2
51724362122222,10149600,0,11,1,R B D' B2 D B R2 B R' B' D
14725361111111,10153953,0,11,1,R B R B' D R' D B2 D2 B D'
21354672311123,10155938,0,11,1,R B' D2 R D2 R' D B' D2 B' D
47652132231323,10162620,0,11,1,R B R2 D2 B2 D' R D' R' D B
75241632222323,10163760,0,11,1,R B D2 B2 R B' R2 D B D2 R2
36547213331333,10168012,0,11,1,R B2 R' B D' R2 D B2 R' D R'
54612732112223,10170274,0,11,1,R B2 R' B D' R2 B' D B' D2 B2
35462173131311,10172890,0,11,1,R B2 R D2 R2 B D' B R2 B D2
14325673311131,10174945,0,11,1,R B2 D' R' D B2 D B D2 R2 D
73652413211312,10175655,0,11,1,R B R' B R' B D' B2 D B2 R'
47632153212311,10177069,0,11,1,R B' D2 B' R B2 R B2 D B R2
76354212313322,10177301,0,11,1,R B' R B2 D' B' D B' R2 B D'
72146352232223,10178541,0,11,1,R B R2 B' R2 B R' D R B' D2
45673213211222,10179091,0,11,1,R B D2 R2 B' D B' D' B2 R2 D
76143253131212,10184268,0,11,1,R B2 R D' R B2 R' D2 B D' B'
74132562121121,10184431,0,11,1,R B2 D B2 D R B D R2 D B'
31257643311122,10185770,0,11,1,R B D2 B' D B' R B2 R' D2 R
71462532121112,10187844,0,11,1,R B2 R B R2 D' B2 R D B R'
27456133132223,10190176,0,11,1,R B R' B' D B R2 D2 B2 D' B
76345122311111,10193426,0,11,1,R B2 D2 R2 D R D B' R D' R2
63742511232221,10194509,0,11,1,R B R2 D2 B' D B' R' D2 B2 R
47156233233113,10194801,0,11,1,R B' R' D R2 D R' B' D B2 D2
42613572313211,10194986,0,11,1,R B R' B2 R' D' B' R D2 B R'
75416323232213,10195808,0,11,1,R B R2 B' D2 B D' B R B' D2
45367211211122,10198093,0,11,1,R B2 D2 R2 B D' B R2 D' B D'
23174652123131,10201762,0,11,1,R B R2 B' R D2 B' R' D2 R B'
16745232121313,10202570,0,11,1,R B2 R B' D B2 D' B2 R D' B'
36527412211322,10202928,0,11,1,R B2 D' B' R D' R B2 D' B R'
52341671122211,10204450,0,11,1,R B2 D' R2 D' R D' B' R2 B R2
67321453113311,10205073,0,11,1,R B2 R' D' R' D B2 D B2 D' R2
63471522123131,10206334,0,11,1,R B' R' B' R D2 R' D2 R' D R
41723562313211,10209086,0,11,1,R B R' B R2 D R' D' B' D2 B'
65271432231233,10210744,0,11,1,R B R B' D R' D R2 D B D
57364212313211,10212505,0,11,1,R B R D2 R B2 R B' R2 D2 B'
65132471323121,10213227,0,11,1,R B' D' B D2 B R' B' R D2 R2
76354123313333,10214721,0,11,1,R B2 R2 D B' D B' R2 B D2 R2
47165322232133,10215263,0,11,1,R B R D2 R2 D B R B' R2 B'
64321572311132,10215331,0,11,1,R B' R2 B D R2 B2 D R B R2
32751643321232,10225181,0,11,1,R B D B' R2 D2 B R' D' R D2
54371261113331,10229685,0,11,1,R B R2 B2 D B' D2 R D R2 B2
32465173233221,10232828,0,11,1,R D R D' R D' B' R2 D2 B' R
74561232221111,10233781,0,11,1,R B' R2 B' R D2 B2 R B' D2 R
25736411331113,10236873,0,11,1,R B' R B D2 R' D2 B R D2 R'
71463523331222,10243007,0,11,1,R B D2 R2 B' R B' D' B2 R2 D
26543171111111,10244362,0,11,1,R B R' B2 R D' R D R2 B2 D2
35426713111313,10259560,0,11,1,R B2 R B2 R2 D B' R B2 R D2
65241371111111,10264941,0,11,1,R B2 R B' D R D2 B' R D R2
37614522113321,10265399,0,11,1,R B' R2 D2 B' D B' D2 R B' D2
67341252222323,10265789,0,11,1,R B D2 R2 B' R B R' B R2 D
51426731111111,10271391,0,11,1,R B D R2 D R' B' D R' B2 R2
72163453133333,10272334,0,11,1,R B2 R2 D' R B' R' D R2 B' R'
14735621323112,10273121,0,11,1,R D R2 B' R D' B R D R' B2
47126532133133,10273411,0,11,1,R B D' R2 B2 R' B' D B' D B'
34175263321232,10275144,0,11,1,R B2 R' B D2 R' B D B D' R2
34275162213221,10275751,0,11,1,R B' R B' R2 B' R' D' R D2 B
17324561211323,10276583,0,11,1,R D2 R B' D B R2 D' R B R2
76543211212112,10279349,0,11,1,R B' D B2 R B2 R' B D' B2 D2
17426531121212,10282391,0,11,1,R B2 R D B2 R' B2 D R D B'
25163741112323,10286420,0,11,1,R B R2 B2 D2 R' B' D R' B R2
54376211113133,10289114,0,11,1,R B2 D B2 D' B R' D B' D' R'
57123461111111,10290451,0,11,1,R B R' D2 R B2 D' R D R B'
23164573213133,10291457,0,11,1,R B R B2 R D' R D' R B R
36521472113321,10292208,0,11,1,R B D2 R B2 D' B' R' D2 R' B'
23157461231333,10293794,0,11,1,R B R' D2 B' R D R' B2 D2 R2
63741522123131,10296742,0,11,1,R B R D2 R B R2 B' R' D2 B
64275133312211,10297254,0,11,1,R B D2 R' B D B2 R2 D R' B'
52341672211112,10301991,0,11,1,R B2 D' R2 D' B D' B' D2 B R2
34517622231323,10304181,0,11,1,R B2 D2 R D2 R B' R' B' D2 B'
26135742332312,10305404,0,11,1,R B' R2 B' R' D2 R' B D B2 R2
54612733322213,10305583,0,11,1,R B2 R' D R' B2 D' R B' D2 B2
12563473131212,10309167,0,11,1,R B2 R' B R' B2 R D2 B' R D'
72513641233322,10312091,0,11,1,R B' R2 B R' D B2 R' D2 R D2
21345762313223,10314526,0,11,1,R B D2 R' B R D2 B2 R D' R'
54276132233312,10318347,0,11,1,R B2 R' B R' B2 D' B R' D2 R2
74532163123223,10318544,0,11,1,R B2 R' D R' D B2 D2 R2 B' R'
17426531313131,10319695,0,11,1,R B2 R D B' R B D B2 R D2
16534273211111,10322620,0,11,1,R B' D2 B' D B2 D R2 B D B2
32761452122222,10325010,0,11,1,R B2 R' B2 D B R2 B2 R' B' D2
13267541232212,10331868,0,11,1,R B R D' B R' D B2 D R D
41725633211111,10333769,0,11,1,R B' D B' D2 B R2 D' R D B
37641252222323,10334013,0,11,1,R B2 D2 R B2 R B' D' R' D2 R'
34125672131312,10338969,0,11,1,R B2 R' B2 D B D2 B2 D' R' D2
16423572112121,10340497,0,11,1,R B D2 B2 R D' B D' R B R2
16753241221112,10340753,0,11,1,R B D' R B' D2 B R' B' R' D'
15724631111111,10343149,0,11,1,R B R D2 R2 D R B' D R' B'
67342512222113,10345227,0,11,1,R B R' B R B' D2 R D' B R'
24763151111111,10348681,0,11,1,R B R' B2 R D' R D' B2 D2 R2
73645122222311,10350328,0,11,1,R B D B D R' D2 B D2 B R2
45367213111133,10352426,0,11,1,R B2 D2 R2 B D B' R2 D R' D
23147651112323,10353982,0,11,1,R B D B2 R2 D B' D' R B2 D2
26513471122121,10354283,0,11,1,R B2 R D' B2 R' B' R' D2 R' B
12357462211112,10354635,0,11,1,R B' R B R2 B2 D2 R' D' R D2
75132463233233,10354696,0,11,1,R B R2 D2 B' R D' R' B2 D2 R
53762143222331,10355594,0,11,1,R B D' B' D B R' B2 D2 B D2
14327653121213,10360317,0,11,1,R B2 R' D2 B D B2 D2 B' R' D2
31247651323232,10365231,0,11,1,R B' D2 B D' B D2 R' B2 R B2
46157321331233,10365438,0,11,1,R B D' R' B R' D2 B2 R' D' R2
56274132331133,10372163,0,11,1,R B R D B2 R D' B2 R2 D' B
15637423211123,10375648,0,11,1,R B R2 B' D B' D R2 D' R2 D
54712361323313,10375961,0,11,1,R B2 D2 R' D' R D' B2 R2 D B
21375463333211,10376916,0,11,1,R B' R D' R2 D' B' R' D B2 R
71362453113311,10384417,0,11,1,R B R' D' R D R' B R2 B' R
54621372211121,10385267,0,11,1,R B' R D R2 B2 D R B2 R2 D'
76154323333112,10387025,0,11,1,R B2 D2 R' B' R D' B2 R2 D R
52741362313211,10387982,0,11,1,R B D R2 D B2 D R' D2 B2 R'
67345213111133,10388062,0,11,1,R B2 D2 R2 B' R D' R D2 B' R
36147251211131,10388410,0,11,1,R B' D R D2 B' D R' D R2 D'
23165471111111,10388671,0,11,1,R B R' D R' B R2 B2 R D' B'
53721463223312,10389217,0,11,1,R B2 R B2 R2 B R2 D R2 D2 B
41756233121231,10396491,0,11,1,R B2 R B D2 B R' D' R2 B2 D'
12765433331333,10396744,0,11,1,R B D2 B2 D' B' R2 D B2 D' R2
73654211111132,10398077,0,11,1,R B R2 B' R2 D2 B D B' D R
13247563212131,10398608,0,11,1,R B R' B2 D2 B' D' B D' R D'
54317621111222,10402008,0,11,1,R B D R' D2 B2 R D' R' B D2
12637451132111,10404711,0,11,1,R D R' D2 R B' D B R2 D2 B2
74653213133222,10407001,0,11,1,R B D' R2 B D' R D B' R2 B'
21365742312323,10410136,0,11,1,R D R' B R2 D R' B' D' B2 D'
67412531131133,10411767,0,11,1,R B D2 B2 R B' R' B D2 R D
14536273311311,10411948,0,11,1,R B D2 B2 R D' B' D B2 R B
54716321112323,10414746,0,11,1,R B D' B2 D B' R B D2 R2 B'
16345273122323,10417633,0,11,1,R B' D B' D2 R B D2 R' B R'
76541233331333,10424034,0,11,1,R B D2 B2 D' B' R2 D B2 D' B2
47152631322131,10428257,0,11,1,R B2 R2 B' R B' R D2 R D R2
52341672323222,10429303,0,11,1,R B' R' D R' B' D R B2 R2 B
35172461232323,10432834,0,11,1,R B R2 D' B' D2 B' R' B2 D B
15672341113232,10433367,0,11,1,R B' D' B2 R D' B' R B' R2 B'
71435262222122,10438045,0,11,1,R B R D' B2 R' B R' D R' D'
23176453332233,10440053,0,11,1,R B D' R D' R2 D B R2 D' R
43576211123222,10440621,0,11,1,R B2 R D B2 D R' D' B2 R2 D'
37642513122221,10441530,0,11,1,R B2 R' B D' B D2 B2 R2 D' R'
32475161232323,10441954,0,11,1,R B R2 D2 B R2 B R D' B R
52743613121111,10445441,0,11,1,R B' D B R2 D' B R' B R2 B'
12357461111222,10446980,0,11,1,R B' R2 D B2 D' B2 D' R' D R2
24351761212232,10450231,0,11,1,R B D' B' R B' D2 R2 B' D' B2
46512371331221,10456769,0,11,1,R B D' R2 B2 R D' B2 D' B2 D2
17425631322113,10457356,0,11,1,R D R2 B' R B' D R D R' D2
32756141233121,10460630,0,11,1,R B2 R2 B D2 B R2 D' B D2 B2
56721343123331,10460661,0,11,1,R B R2 B2 R' B R2 D' B2 D B
47156231332313,10461081,0,11,1,R B' D' R D2 R D' B' D B2 D2
75346122133133,10463292,0,11,1,R B R' D' R B R' D2 B2 D B2
37256142321233,10467475,0,11,1,R B D' R B2 D' R B' R2 D2 B
25716431212223,10467904,0,11,1,R B D' B D' R2 D R B2 D' R
12365472321233,10470791,0,11,1,R B' D2 B' D B2 R2 D R' D2 B
24615733311122,10472715,0,11,1,R B R' D2 B2 D R D R' B2 D
12345761111111,10475661,0,11,1,R B R' D2 B' D R' D' B D2 B
46275312232133,10477350,0,11,1,R B D R2 D2 R B R B' D2 B'
75261432123233,10478380,0,11,1,R B' R2 D B2 D' R' B2 D2 R B'
71563243221221,10481198,0,11,1,R B D' B2 R D' R D R' B2 R'
62135473123121,10483700,0,11,1,R D R B' D B' D R2 D' B2 R
32174561232233,10491030,0,11,1,R B' R' D2 R' D' R2 D B D2 R'
64357212313211,10495288,0,11,1,R B D B2 D R2 D B' R2 D2 B'
74321563311131,10495892,0,11,1,R B D2 R' D2 R D2 B' D B D'
65172431132333,10503224,0,11,1,R B2 R B R2 B D' R' B2 D2 R'
31276452313313,10505681,0,11,1,R B' D R' B R2 D R' B' D' B2
25641371213132,10506906,0,11,1,R B D2 R2 B2 R' B D' B D2 B'
24715363311332,10509813,0,11,1,R B R' D' B R' D2 B2 R' B' D2
64231572311132,10513029,0,11,1,R B D R2 B' R' D2 R B R2 B
74125633133312,10513490,0,11,1,R D R' D2 R' B' R2 B R' D2 R2
37624511232233,10513597,0,11,1,R B' R' B2 R' B' D2 B D B2 R'
71234563231322,10515707,0,11,1,R B2 D B' R D B' R2 D2 B D
51324761111123,10517891,0,11,1,R B R' D R B2 D2 R' D2 R D
14567231321123,10520158,0,11,1,R D R' B' D B2 D B' R' B R
14625732113321,10526879,0,11,1,R B' R D' R2 D B' D B D2 R'
36745212122312,10527849,0,11,1,R B' D' B D' B' D B2 R' D2 R
75346212323333,10527887,0,11,1,R B' R2 B R B2 D2 R2 B R' D'
52167432121313,10534813,0,11,1,R B2 R' D R' B2 R B2 D' R D'
21364752311111,10535798,0,11,1,R B R2 D' B' R2 B' D' B2 R D
43167251232212,10536863,0,11,1,R B R' B R' B D' R2 B2 D' R'
36417522123311,10537012,0,11,1,R B R' B2 D' R B D' B2 R2 D2
47156321111111,10539131,0,11,1,R B D R' B R' D B2 D2 B D'
56347213111211,10539523,0,11,1,R B' R' B R2 B D B' D' B2 R
12745632232211,10544306,0,11,1,R B' R2 B R' B2 D B D R' B
74125633121111,10546452,0,11,1,R D R D' R2 D B' D B' D2 R'
17452633213232,10547643,0,11,1,R B D' B2 R2 B D' B2 D' B2 D2
12354763211123,10548554,0,11,1,R B2 D' B R' D R2 D R D' R2
13675241112323,10549259,0,11,1,R B D2 R2 B2 R' B' D' R D2 B'
52361472131312,10551018,0,11,1,R B2 R2 D' R D' B' R D2 B' D'
12375461111222,10554716,0,11,1,R B2 R' D R2 B' R D R D' B2
74561233233323,10558244,0,11,1,R D R B' D2 B R' D B' R2 D'
35614722321233,10565374,0,11,1,R B2 D2 R D2 R B' R' B' D2 B2
37615422313121,10567669,0,11,1,R B R B' D2 R' B R' B D' B'
72531463321232,10568167,0,11,1,R B' R2 D B2 D' R2 D' B' D B2
76253413322312,10573231,0,11,1,R B2 R D2 R2 D B2 R D2 R2 B
24765313222112,10575313,0,11,1,R B D' R B' D R2 D R' D R2
17425631323112,10577151,0,11,1,R D B2 R' B D' B D B R' B2
34165271112212,10596366,0,11,1,R B' D2 B' R B2 D2 R D' B2 R
61453721111111,10598265,0,11,1,R B D' R2 D B' R D B2 R2 D2
65132471231321,10604489,0,11,1,R B' D2 R D2 R' B R' D2 R' B
54261732231233,10605978,0,11,1,R B R' D B' R D' B2 R2 D' B'
65132473111331,10606931,0,11,1,R B' R2 B R B2 D' B2 R B R'
51742632323333,10609193,0,11,1,R B2 D' R' D2 R D2 B' R B D2
13267451122211,10610195,0,11,1,R B' R2 D B2 D' B' D2 R2 B R'
12376451113133,10613819,0,11,1,R B2 D B2 D' B R' D B' D' R
27534612311132,10617917,0,11,1,R B D2 B' R B2 D' R' B2 R B'
31264752313121,10620276,0,11,1,R B2 R B' D B' D' R2 D' B2 R2
41725363121231,10620307,0,11,1,R B R2 D2 B' R' B D' B R2 B
23165473233221,10625295,0,11,1,R D R' D2 R B D' B D' R B2
34125673133333,10625616,0,11,1,R B2 R' D2 B D R2 D2 R' D' R2
72163453121213,10625645,0,11,1,R B2 R2 D' B D' B' D R2 B' D'
54723612221222,10641693,0,11,1,R B2 R' D B' R2 B R2 D' R D'
16742352232313,10649317,0,11,1,R B D2 B' R2 B R' B D R' D2
31462751111111,10649924,0,11,1,R B D' R2 D B' R D B2 R2 D'
63725141233121,10651173,0,11,1,R B R' B D' B D2 R B' D' B'
23175463211222,10655248,0,11,1,R B R' D2 B2 D B' D2 B' R2 B2
47156321133311,10660087,0,11,1,R B' R D2 R D R B' D R2 D'
51624731312123,10661085,0,11,1,R B2 R2 B R2 B' R2 D B' R2 B2
41762533123331,10662632,0,11,1,R B2 R B D' R B2 D' B R D'
45327612222323,10672420,0,11,1,R B D2 R2 B2 R' B D' B' R B
52167433331333,10673764,0,11,1,R B' R B2 D' B2 D R' B D2 B'
56743212122222,10676600,0,11,1,R B2 R2 D' B R' B' D R2 B' D'
37612542221111,10677826,0,11,1,R B2 D2 R B2 R B' D' R' D2 R2
63714521112323,10678738,0,11,1,R B D2 R' D' R' B R' B R' B2
46572311223122,10679249,0,11,1,R B' D B' R2 B' R' B' D R2 B
26415732233321,10679832,0,11,1,R D R' B2 R' B' R' D R2 B D'
15642373231223,10684736,0,11,1,R B' R B R B' D2 B' D2 B' D2
56174232323333,10687325,0,11,1,R B' D B R2 D2 B R B2 R2 D'
41673521111111,10687747,0,11,1,R B D' R2 D B' R D' B2 R2 D2
74321653233323,10688013,0,11,1,R D R B' D2 B R' D B' R2 D
25367411211122,10689892,0,11,1,R B D2 B2 R B' R B' R D R2
37614522313322,10699004,0,11,1,R B' D2 R2 B' R B' R2 D R' D2
65213741111111,10704268,0,11,1,R B D' R2 D B' R D' R2 D2 B2
34172562313331,10706171,0,11,1,R B2 R B' R B' D' R2 D' R2 B2
45621732233333,10713303,0,11,1,R B R2 D2 B2 D' B R' D B2 D'
25736411133113,10715553,0,11,1,R B' D B D2 R' B2 D R B2 R'
72541633121111,10718595,0,11,1,R D R D' R2 D B' D B' D2 R
24315761122322,10720310,0,11,1,R B' R2 B' D' B2 D' B R B2 D2
56124371232323,10723549,0,11,1,R D R' B' R D' B D2 R2 B' R
64531273123121,10725470,0,11,1,R D R B' D B' D R2 D' B2 R'
32475163331222,10726557,0,11,1,R B R' B2 D2 B R' B2 R' B2 R2
76213543213133,10727346,0,11,1,R B2 D R2 D B R2 D' B R' D2
57264132111323,10728599,0,11,1,R B2 R2 B R2 B R2 D' R B2 R2
24715633131131,10732611,0,11,1,R B' D B2 R' B2 R B' D B R
32156471111111,10732883,0,11,1,R B D' B D' B D2 B2 D R' B'
14762351321231,10734364,0,11,1,R B' D' R2 B D' B' D B' R2 B'
45621373123331,10734508,0,11,1,R B R' D' R2 D' R' B2 D B2 D'
46275311123222,10735615,0,11,1,R B R2 D2 B' D' R D' R D2 R
76354121121212,10736870,0,11,1,R B2 R' B R2 B D R' B' D B2
63751423122311,10745890,0,11,1,R B D' R B' R B' D2 B D2 R'
46372511221331,10752135,0,11,1,R B2 R' B D' R' B R' D2 R D2
15367421211113,10754445,0,11,1,R D B' D2 B D' R B R2 D2 B2
54612372222131,10767026,0,11,1,R B D R B2 D B' D2 R2 B' R
65132743222331,10767212,0,11,1,R D B' D' B' R D2 B' R B2 R'
54326711112212,10768574,0,11,1,R B D' B R2 D' R B' D2 R2 B
65321472111122,10769425,0,11,1,R B D B2 D' B R2 D' R2 D B'
14752363232222,10769861,0,11,1,R B' R D R B' R2 B' R2 B' D2
54716232222113,10773426,0,11,1,R B D' R B' R B' R2 D2 B' R'
35762142222113,10777498,0,11,1,R B2 D2 B' D R' D2 B' R D' B2
53742612323333,10779207,0,11,1,R B2 R B' R2 D' B' R' D2 R' D
12543673233323,10780158,0,11,1,R D R' D B R B' R2 B D' B2
52367142211121,10781511,0,11,1,R B2 R B' D2 R' B' R' B2 R' D
27415632323231,10787727,0,11,1,R B D2 R' B' R2 B' D' R2 B D
17463251323112,10792636,0,11,1,R D2 R B D2 B2 D' B D2 R' B'
14735621233112,10794209,0,11,1,R D B2 R' B R' D R B R' D2
12346751113133,10794307,0,11,1,R B2 D R' D B D' R2 B2 D R
74561233321313,10796148,0,11,1,R D R' B2 R' B' R2 B D' R2 D2
54167233232333,10798218,0,11,1,R B' D' R B2 R B D' B' R2 D
14753261323112,10798388,0,11,1,R D2 R D B2 D2 B' D B2 R' B'
64275131312123,10806296,0,11,1,R B R' D R' D B2 R D' R' D'
26714531212133,10806780,0,11,1,R B R' D B' R D' R2 D R2 B'
26135742132221,10812847,0,11,1,R B' D2 B' D' B2 D' R D B2 R2
62735143223213,10813691,0,11,1,R B' D2 B' R' B2 R' B D R2 B2
14723653321313,10818188,0,11,1,R D B' D2 R D B2 D R2 D2 B
76324151112323,10828654,0,11,1,R B2 R B D' R2 B2 D R2 D' B'
73645121113211,10830051,0,11,1,R B D2 R' B' D2 B' D' R2 B D
31275462133211,10832853,0,11,1,R B R2 B R' D2 R D2 R' B D'
76145232233213,10834560,0,11,1,R B' R2 B D' B2 R D B D' R
13275642131333,10836946,0,11,1,R B D R' B2 D' R B' D B' D'
56213471111111,10840529,0,11,1,R B D' B2 D B2 R' D R D B'
12576343212221,10840683,0,11,1,R B2 R' B R' D R2 D2 B2 R' D'
45367122223133,10847300,0,11,1,R B' R2 B R B2 D' B D2 B' R'
26453172211133,10857167,0,11,1,R B' R2 B D B2 R' D R2 D' R'
54367122211121,10860825,0,11,1,R B2 D' B' R2 B D2 R' B R D2
62371453311311,10866150,0,11,1,R B D' B' D R B' D R2 D' R
42651733311122,10867966,0,11,1,R B' R B2 D' R D R' D B2 D2
25714633121333,10868922,0,11,1,R B' R' B D2 B R' D' B R2 B2
46375213112111,10868968,0,11,1,R D R' B D' B R2 B2 R B' D'
36152742131321,10871586,0,11,1,R B2 R2 B D2 B' R2 D R' D2 R2
12364571112212,10875879,0,11,1,R B2 D2 R D2 R D' R' B' D2 B2
31275462223211,10881951,0,11,1,R B R2 B D' R2 D R2 D' B D'
65132472233321,10882246,0,11,1,R D B2 R2 D R' B R' B2 R D'
25634713321232,10882952,0,11,1,R B2 D R' B' D2 R D2 R B2 R2
54712362223322,10886830,0,11,1,R B2 R2 B D2 B D2 R' B R2 B2
75264132121232,10891089,0,11,1,R B2 R' D R' B' R D B2 D B2
34561721111111,10893538,0,11,1,R B2 R' D' R' D B2 R D' R D'
12354762121112,10894837,0,11,1,R B2 R' D R2 D R B' R' D R2
67245311133233,10895802,0,11,1,R B D' R' D2 R' D' B2 R D2 R'
54723612222212,10895952,0,11,1,R B' R2 B' D' B2 D B R2 D' R'
27416533321232,10898056,0,11,1,R B' D B R' B R' B2 D R D2
36745213121111,10904787,0,11,1,R D R' B D R B' D2 B R' B2
63752412312323,10908437,0,11,1,R D B2 R2 D B' R B' R2 B D'
12745632212213,10911151,0,11,1,R B' D2 B R' B2 D B R D' B
35126742231233,10917437,0,11,1,R B2 D2 B' D B' R2 D' R D' R2
12374651111222,10921733,0,11,1,R B2 D B' D' B2 R B2 R B2 R2
67412353132121,10922136,0,11,1,R D2 R' B2 R' D B' R2 D2 R' D
35462712322322,10925227,0,11,1,R B2 R2 B R2 B' D2 R B' D2 B2
14736521332121,10927754,0,11,1,R D R' D2 R' B R B D2 B2 D
24367511323112,10928499,0,11,1,R D' R2 B D' R D' R' D' B R2
54671232221213,10939206,0,11,1,R B R2 B D R' B2 R' B' R2 D2
27314652313211,10946549,0,11,1,R B' R B D B2 D B' D' R D'
35126741232212,10954949,0,11,1,R B2 D2 B' R B' R2 D' B D' R2
41625731222231,10960891,0,11,1,R B D' B' D2 B' R' D2 B R2 B'
74132561321231,10963743,0,11,1,R B' D' R2 B D R2 D' R' D2 R'
64321572111131,10965761,0,11,1,R D2 B' R B R D2 R D' B' D
17426531213123,10966103,0,11,1,R D R' B2 R' B R D B2 D2 B
73642511113322,10970570,0,11,1,R D R' B2 D R' B' R' B2 R2 D
27614353311332,10974388,0,11,1,R B D' B R' B R' B2 D2 R' D'
16725431211131,10983727,0,11,1,R D B R' D2 R D' R B' D2 R'
35167242132212,10988506,0,11,1,R B R2 B R D' B2 D' R' B2 D2
34516272312332,10990937,0,11,1,R D2 R' B2 R' B D' R2 B2 R' B
14725362211121,10993026,0,11,1,R B' D2 B D R2 B2 D2 R B' D'
26435713311122,10993136,0,11,1,R B D' B2 R2 B R B D' B2 R
15627431322113,10996043,0,11,1,R D2 R B R2 B2 R' D B2 R' D'
63752141122211,10997199,0,11,1,R B' R2 D R' B' R B R' B D2
12563472131213,10999838,0,11,1,R B' R2 B' R' D2 R B R2 D' B'
51623743313321,10999889,0,11,1,R B R' D B' D' R B2 R B D'
56347212111311,11002644,0,11,1,R B' D' B R2 B R D' B' D2 R
16534271111111,11010212,0,11,1,R B' R2 D' B D B R2 B R' D
63714252123131,11010634,0,11,1,R B2 R' B2 R B' R D' B2 D B
24715631122121,11013187,0,11,1,R B' D2 B R B2 D2 R2 B R' B'
73642511113232,11014122,0,11,1,R B' D' B2 R D R2 D' R' B2 R'
72534163211123,11016339,0,11,1,R B2 R D B2 D' R' B2 D B D
61534272311132,11020484,0,11,1,R B2 R' B2 R D' B R' B2 R B
26175432331133,11020744,0,11,1,R B2 R D2 B' D' R B' R B' D
15273641112323,11020923,0,11,1,R B2 R' B2 D2 R' B D R' B2 R
15724362212132,11022199,0,11,1,R B D' R' D B R' D2 B2 D R2
46275313121222,11030107,0,11,1,R B D' B D' R B2 D B' D' R'
21354673131113,11049628,0,11,1,R B' R2 B D B2 R' D2 B R B'
45213672221123,11055908,0,11,1,R B' R B2 R' B D2 R' B2 R D2
12376541112323,11065134,0,11,1,R B2 R' B' D R2 B' R' D B' D2
67354213131311,11065382,0,11,1,R B' R D B2 R' D2 B D B2 D'
21345763332233,11067279,0,11,1,R B D2 R2 B' D' R B' D R2 D
73564213321322,11074473,0,11,1,R B2 R B2 D' B' D R' B R' B
61527431111111,11075915,0,11,1,R B' R B D2 R' D R' B D' R2
34165273133312,11080103,0,11,1,R D B' R2 B' R' B2 R D' R2 D2
52174633223123,11080603,0,11,1,R B' R' B' R D' R' D2 R' D' R
32647152133121,11088707,0,11,1,R D2 R' D2 R' B D' B2 R2 B' R
24715631111111,11089303,0,11,1,R B D B2 D2 B R D' B D' B'
75346211211311,11093061,0,11,1,R D B' R D' B D2 B2 D R' D'
41725363121222,11093890,0,11,1,R B D' R D' R B2 D B' R' B'
56341273131212,11101735,0,11,1,R B' R2 D2 R B D R' B2 D B
56347122333233,11105473,0,11,1,R B' R B D2 B' R B2 D' B2 D
21354671131313,11106592,0,11,1,R B' R2 D2 B R' D2 B D' R' D'
37654212311222,11108175,0,11,1,R B D' B2 R' B R D' R2 B2 D2
36147252111113,11110591,0,11,1,R D R2 D' R B R2 D' R' D R
46721533123313,11111195,0,11,1,R B R2 B' R D' B R' D R B2
12376451111222,11114262,0,11,1,R B' D R D' B D' R2 B R D2
34567212223232,11115307,0,11,1,R D R2 D' B R B2 D' R' D B
71426533333223,11119210,0,11,1,R B2 R' D B' D B2 D2 R2 B' D'
42516372233111,11120280,0,11,1,R B2 D' R2 D' R D' B2 R2 D' B
37246511112233,11130842,0,11,1,R D R' D' B D2 B D R2 D2 B'
26435712311132,11132294,0,11,1,R B R B2 R2 B R B D' B2 D'
21354672311132,11134527,0,11,1,R D R2 B2 D B' R D' R2 D R'
16532471111222,11138707,0,11,1,R B2 R B2 R2 D B' R' B D' R
67231541323112,11143962,0,11,1,R D' B2 R D' B R' B' D' R B2
35162472123233,11150172,0,11,1,R B' R2 D R' D' R B D' B D2
73625141112323,11155524,0,11,1,R B R2 B' R2 D2 B D B' D R2
56741231211131,11156311,0,11,1,R D B R' D2 R D' R B' D2 R
26573413331312,11157037,0,11,1,R B R2 B2 R' B D2 R' B2 R B
36547212121313,11169784,0,11,1,R B' R D2 B' D2 B R' B D2 B'
24531673123121,11171869,0,11,1,R D B R2 B' D R2 B' D2 B D'
45312762221111,11175686,0,11,1,R B' R' D2 R B R2 D' B2 D R2
45621732212123,11177245,0,11,1,R B D2 R2 B2 R' D B' D B2 D'
34721653333313,11177497,0,11,1,R B' R2 B' D B D R2 D2 R B
16345273233323,11177782,0,11,1,R D2 R2 B' D' R B' D2 B R' B2
51642371122313,11178602,0,11,1,R B2 D2 R' B' D R' B2 D2 R D
25413763121222,11181169,0,11,1,R B R B' R B R2 D' B D B2
62453713311122,11183148,0,11,1,R B' D B2 R' B D B' R B2 R2
52743611111312,11185411,0,11,1,R D B D' R2 D R' D B' D2 R
67231543323122,11186424,0,11,1,R D' R2 B D' B D' R' D' R D2
64275131212223,11188810,0,11,1,R B D2 R2 B' R' D B' D R2 D
63471522323132,11190947,0,11,1,R D2 B' R B' R' B D2 B D B
67452313321232,11192320,0,11,1,R B2 R D2 R2 B R' B' R B' R
62174533311212,11193745,0,11,1,R B D' R2 B' R B D' R2 B2 D2
14725363311113,11198706,0,11,1,R B' D R2 B' R2 B D' R B R
43572161111111,11201686,0,11,1,R B2 R' B' R' D R2 B D' B D'
41735622313322,11203625,0,11,1,R B R2 D2 B D2 B R D' R D
52167432131213,11205323,0,11,1,R B' D2 R B R2 B' R' D2 R' B'
76145232332213,11206531,0,11,1,R B' D2 B D' R2 B D R B' R
25714632123131,11209519,0,11,1,R D R2 B2 D R' D B' R2 B R'
37615422211133,11211712,0,11,1,R B2 R D' R B' D R' B' D2 B2
75246131333312,11216862,0,11,1,R B' R' B D2 R' B R' D' B2 D'
74361253112132,11231812,0,11,1,R D2 B R' B R B2 D' B R D2
25736141233232,11237570,0,11,1,R D2 B D2 B' R D' R D' B' R'
25134672313211,11238344,0,11,1,R B' R B' D' B D2 B D R D'
16275341312213,11241601,0,11,1,R B2 D' R2 D' B D' B2 R2 D' R
53126471231231,11242573,0,11,1,R D2 B R2 B' D R' B R' B' R'
21536742222131,11242829,0,11,1,R B2 R D2 B' D' B R' B R' D
35162742213323,11244326,0,11,1,R B R' B D R2 B2 D' R2 D B
41532761233133,11247003,0,11,1,R B D2 B2 D' R D2 B' R2 B D
21357463213331,11262956,0,11,1,R B2 R' B R' B' R D' R2 D B2
76341251111312,11270226,0,11,1,R D B' R D R D' B2 D R' B2
34165271211131,11276751,0,11,1,R D B' D B R D' R2 D R' D2
37615421113322,11280332,0,11,1,R B2 R' D B' R B' D R' D2 R2
16537421233112,11281703,0,11,1,R D2 R D R2 D2 R' B D2 R' D'
14723651111312,11281955,0,11,1,R D B D' R2 D R' D B' D2 R'
36145272122222,11282760,0,11,1,R B' R B' D2 R2 B D R' D R2
36547212221222,11282997,0,11,1,R B' R2 D2 R D R B' R2 D R
15236471111111,11287212,0,11,1,R B' R2 B' D' B' D R2 B R' D2
46257132211133,11296146,0,11,1,R B' D2 B D R2 B' D R2 D' R'
25137461111111,11298059,0,11,1,R B' R B R' D2 R' D' R' B D'
34721652131213,11324599,0,11,1,R B' R B R' D' B D B' D R2
13267541111132,11324613,0,11,1,R B2 R2 D' R B' R2 B' R' D R'
34562172232313,11331981,0,11,1,R D R2 B' R D2 R' B D' B' R'
74512361322233,11338391,0,11,1,R D R' B' D B2 D B R2 B2 D'
53762413322123,11340872,0,11,1,R D R' D B2 D' R D' B D B2
14356721322233,11341427,0,11,1,R D B' R' D B2 D R D2 R2 B'
37615422313331,11346062,0,11,1,R B D B' D2 R' D R' B D' R'
37615422223133,11361362,0,11,1,R B2 R D' B D' R D' R' D2 R2
74521632222212,11369279,0,11,1,R B' D2 R B D2 B' D' B2 D' R'
73615243123313,11370729,0,11,1,R B2 R2 B' D R2 B' D2 B R2 D'
16572431111111,11374376,0,11,1,R B' R' D B' D2 R' D B R D2
52743611113121,11377521,0,11,1,R D B2 D' B D R2 B' R' B R
12765433121213,11377748,0,11,1,R B' R D' B2 R2 D R B' D B2
46512372113321,11380339,0,11,1,R B R2 B' D2 R2 B R B' R D
32165742211112,11384276,0,11,1,R B' D2 R D' B' R D B' R D2
32174561112323,11385881,0,11,1,R B2 R' D' B R2 D' B' R B' R2
74325163131323,11386039,0,11,1,R B R D' B2 D B' R B D' B2
25763142223133,11397755,0,11,1,R B' D2 B R B2 D' B R2 B' R'
43721653231313,11400819,0,11,1,R B R2 D B R2 D' R B2 R2 D
73614251112323,11402569,0,11,1,R B D B2 D B' D' R D' R2 D'
21473563331312,11409807,0,11,1,R B R2 D2 B D' B D' R D' B'
15672433312133,11411780,0,11,1,R B D B' D B' R B' R B2 D
31275462311213,11414877,0,11,1,R B D2 B D' B2 D B2 D' B D'
75264313231112,11415335,0,11,1,R B2 D2 R' D' B R' B2 D2 R D
54127632222212,11416609,0,11,1,R B' R D R' D' R D B' D B2
32657412111212,11417277,0,11,1,R B R D2 R B D B2 R' B R
71435263311122,11419326,0,11,1,R B2 R B' D B' R D' R' B2 R2
75146321323331,11419813,0,11,1,R B2 D2 B' R D' R2 B' R B' R2
73652413331321,11432275,0,11,1,R B2 D B2 D B R2 D' B D' R2
76325411111312,11432666,0,11,1,R D2 R2 B' R' D B' D2 B D' B2
13546271231231,11433765,0,11,1,R D2 B R2 B' D R' B R' B' R
65471231132213,11440826,0,11,1,R B2 R B R' B R2 D' R B R'
62157342132212,11444912,0,11,1,R B R2 B R D' B2 D' R' B2 D
71462531113322,11445039,0,11,1,R D B' R2 D R' D' B' D2 B2 R
73615243331312,11448042,0,11,1,R B2 R2 B' D B2 R' D2 R B2 D'
76215433333133,11449523,0,11,1,R B R' D2 B D' B R B' R2 B'
75264132321212,11450632,0,11,1,R B' R B' R2 B D2 R D' R2 D
31475262331313,11452084,0,11,1,R D2 R2 B2 D' B' R D' R2 D R'
73541262321212,11452912,0,11,1,R B R B2 R B R B2 D' R B
71435623333331,11464209,0,11,1,R D2 R2 B2 D' B' D B' R2 B D'
42351671212211,11472179,0,11,1,R B' R D B2 D' R B2 D' R2 D
21345762312323,11472406,0,11,1,R B' R B' D R2 D2 B2 D B R'
56743213121312,11473712,0,11,1,R B' R2 B' R D B D2 B2 D B
41735262312233,11473754,0,11,1,R B2 D' B2 D' B R' D2 B2 R' B
32146752232223,11475045,0,11,1,R D R2 B' R B2 R' B D' R' B'
34617522221333,11486847,0,11,1,R B2 R' D B' R' B R' B2 R B2
13275641112233,11488887,0,11,1,R B2 R' B D' R B' R B' R2 B2
56741231131211,11488896,0,11,1,R D B2 D' R B D2 R' D' B R
41736521233232,11489423,0,11,1,R D2 B D2 B' R D' R D' B' R
73542163321133,11496141,0,11,1,R B2 R2 B D2 B2 R2 B D2 B2 R'
35127462331331,11502155,0,11,1,R B' R D' B2 R D' B D R2 D
76325412112121,11512019,0,11,1,R D2 R' B2 R D' B' D B2 R B2
71435261322233,11512633,0,11,1,R B2 R' D R' B R' D R' B2 R2
53274163211222,11514872,0,11,1,R B2 R B2 R2 B R2 D' R2 D2 B
24571631121212,11515576,0,11,1,R B R' B R B2 D2 R' B2 R2 D'
51342672212111,11518828,0,11,1,R B' D R B2 R' B R2 D' B2 D
35174262231113,11520235,0,11,1,R B2 R D B' R B2 D' R D R'
27543611111123,11524831,0,11,1,R D2 R' D2 R' D R' D2 B2 D' R
43751623123313,11525025,0,11,1,R B R2 B' R2 D2 B D B' D B'
31275462312212,11526627,0,11,1,R B D2 B R' D2 R B2 R' B D'
41725361232113,11533187,0,11,1,R B R' B2 D2 B D R D' R2 B
32561471211131,11547952,0,11,1,R D2 R2 B' R' B R' D2 R B' D2
24571362221213,11548570,0,11,1,R B R2 B D R' B2 R' B' R2 D
12365471111111,11551204,0,11,1,R B' R2 B' D' B' D R2 B R' D
36145273333313,11553046,0,11,1,R B' R' D R2 D2 R D' B' D R2
76524313331222,11553267,0,11,1,R B2 R D2 R2 D B2 R' D2 R2 B
67312542221111,11559391,0,11,1,R B' R' D2 R B' R2 D R2 D' R2
12354671111111,11563910,0,11,1,R B' R2 D' B R' B' D R2 D B
15763241111111,11573925,0,11,1,R B' R' D R2 B' D B D B' R2
32567413133333,11578487,0,11,1,R B' D B' D2 R2 B D B' R B2
42751632321233,11582178,0,11,1,R B' D' B2 D B R2 D' R2 D R2
56243173133111,11595992,0,11,1,R B' R2 B D2 B2 D R2 B D2 B'
67354213111313,11598356,0,11,1,R B' D R B2 D' B2 R D R2 D'
64357213312211,11602119,0,11,1,R D R' B' D' B2 R2 D' B R' D
13275643212221,11603413,0,11,1,R B2 R2 B' R B2 D' B2 D R2 B'
74521633333313,11605217,0,11,1,R D R2 B' D' B2 D B R2 B R'
41762532221333,11606315,0,11,1,R B' D R2 D' B D2 R' D2 R D2
16524731112212,11612689,0,11,1,R D R2 D' B' R2 D B' R D B'
37614252221123,11617413,0,11,1,R B2 R' D R' B' R B' R2 B R2
32657143121213,11617737,0,11,1,R B R B' D B' D R' D B2 R
61543271111111,11625125,0,11,1,R B' D2 R' B D R B2 R B' D
37624152311213,11625341,0,11,1,R B2 D' B2 R D' R B' R B' D
51624733323113,11625880,0,11,1,R B' D' B D2 R' D B' D' R2 D'
71435263333133,11632293,0,11,1,R B2 R2 B' R D2 B' D2 B R2 D'
15246372331331,11633716,0,11,1,R B R2 B D B2 R D2 R2 D' B'
74152363132232,11642991,0,11,1,R B R2 D B D2 B2 R' B' D' B2
75431263133213,11643711,0,11,1,R D2 R2 B2 D' R' D B' R2 B R'
54321763113113,11644576,0,11,1,R D R' B D2 B' R D' B R B2
14527632333332,11646317,0,11,1,R D2 R' D2 R D' B' R D2 B R2
35714623111322,11652322,0,11,1,R B D' B2 R2 B' R' D B' D R'
34716522223211,11655640,0,11,1,R B2 D' R2 B D' B R' D B' D
74251633111313,11656619,0,11,1,R B R' D R B' R2 B' R2 B R
74126352333122,11658180,0,11,1,R D' R B D2 B2 R2 D' R' B R2
31267542222233,11662693,0,11,1,R B2 R D R' B R2 D' R D B'
35416723232213,11664599,0,11,1,R D R' D' B' D' R2 B D' B2 D
13246752133211,11665064,0,11,1,R B2 D' B2 R D' B D' B R' D
26435712233321,11667741,0,11,1,R B' R D' B R2 B2 D2 B R D'
76351421112323,11677330,0,11,1,R B' R2 B D' R B2 D' B2 D R2
26714532121133,11677840,0,11,1,R B2 D R2 D R D2 B' D R' B2
42137561123333,11679243,0,11,1,R B2 R2 B R2 B2 D2 B' D2 B2 R
13642571223221,11681762,0,11,1,R B R2 B2 R' B2 D' R' D2 R' B'
32164571111111,11683747,0,11,1,R B' R D2 R' D2 B D' B' R' B
17642531112233,11694206,0,11,1,R D B' D' B R2 B R B2 R2 D'
74152363133231,11697817,0,11,1,R B R2 B2 R' B2 D' R' B2 R' B'
13642571221223,11703997,0,11,1,R B R2 D B R2 B2 D' R' D' B2
31257462222221,11706374,0,11,1,R D2 R2 B2 D' R' B D' R2 D B'
36721453121111,11709535,0,11,1,R D2 R2 B' D' B R' D2 R D' B2
54326171111231,11709536,0,11,1,R2 B R B' D2 B D' B R B2 D2
75316241231231,11712561,0,11,1,R D R B' R B' R D2 R D R
21354761122211,11714009,0,11,1,R D R D' R B' R B2 R' D2 B
52167342121232,11716352,0,11,1,R B R' D B R2 D2 B' R2 B2 D'
54127633333313,11716843,0,11,1,R B' D2 B' D B R D2 R2 D B
74152363133132,11721567,0,11,1,R B R2 B' D2 B R' D2 R' D R2
62134572321323,11723221,0,11,1,R B' R D R' B2 D2 B D' R2 D'
23165742312323,11725973,0,11,1,R B' R' B R B2 R2 D2 R B' R
51723643131311,11726311,0,11,1,R B R' B D R' B2 R' D2 R D
13765422121211,11727715,0,11,1,R B D B2 D R D B2 R' D R
36415272123212,11729928,0,11,1,R B D R2 D B D R2 B' R B
75234162221111,11737153,0,11,1,R D B2 D' B' D2 R B' R B R'
21357642221132,11738350,0,11,1,R B2 D B2 D R B2 D' B R' B2
75312463333133,11740149,0,11,1,R B R2 B' D2 B' D B R' B R2
32167451111111,11740257,0,11,1,R B' R B R' D2 R' D' R' B D2
45376121331311,11740661,0,11,1,R D B' R D2 R' D B' D B R2
74132563131221,11742008,0,11,1,R D2 B' R B2 R2 B' D R2 B' D2
71435263333223,11743225,0,11,1,R B2 R2 B' D R2 B' D2 B D2 R'
74521633121312,11744324,0,11,1,R D R2 B' D' R2 D B R2 B D'
56732143122113,11746316,0,11,1,R B' R' D R2 B' R B' R' B2 R'
42157633231322,11748340,0,11,1,R B2 D' B2 D B D2 R2 B' R' D2
46135272133313,11750719,0,11,1,R B R B' D2 B D' R B R' B2
23165742123131,11754982,0,11,1,R B D B2 D2 B D R D' R2 D'
13254762321233,11756626,0,11,1,R D B2 D' R' B2 D B' D R B'
73615243213313,11757370,0,11,1,R B2 R2 B' R B2 D' B2 D B2 R'
76354122111212,11773173,0,11,1,R B' R D' R2 D R2 B D' R2 D
75613243131332,11774365,0,11,1,R D2 R' B R B R' D2 B R' B'
15246371332331,11775546,0,11,1,R B R' B2 D2 B R D R' D' R
76342513213112,11775755,0,11,1,R2 B R B2 D R' D B2 D B' D2
54172633132313,11781699,0,11,1,R B D2 R B D2 R' B R2 B2 D
37415622333221,11782349,0,11,1,R D2 R' D B R D' R2 B D' R'
51472633331312,11783198,0,11,1,R B R2 D2 B D2 B R D' R B'
76541233333313,11785029,0,11,1,R B' D' R D2 R2 D R' B' D R2
61274351313131,11788358,0,11,1,R B D2 R B R2 D' B D2 B2 R
16542372112331,11795050,0,11,1,R D' R D R2 D2 B2 R' D' R B2
56143273332323,11807438,0,11,1,R D2 R' B D B D' B R' D2 B
47251632131312,11811879,0,11,1,R B R' B R' D' B R2 B D R'
73615423213211,11821204,0,11,1,R D2 R' D R B D' R2 B R' B'
53421671321111,11821276,0,11,1,R2 B R D' B2 D B' D R B2 D2
52741362313223,11831352,0,11,1,R D B' D' B' R2 D2 B' R B' D
51726433123313,11831379,0,11,1,R B D2 B2 D' R B2 D' R2 D B
67215343333133,11832501,0,11,1,R B R2 B D2 B' D R' D' B2 R2
37651422312311,11835056,0,11,1,R D2 R' B D R D' R2 B D' B'
36547212122222,11835968,0,11,1,R D R2 D2 R D R B' R2 B' R
74325613121312,11837544,0,11,1,R B' R' B D2 B2 D R' B' R D2
74136522322121,11839117,0,11,1,R B R' D B2 R D' R2 D' R B'
12354762121211,11840757,0,11,1,R B' D R' D2 R D2 B D' B2 D
23165741231312,11849377,0,11,1,R B2 D' R2 D B2 R' D R2 D2 R'
72134562312212,11849645,0,11,1,R B2 D' R2 B D' R B' D B' D
47165321232113,11855370,0,11,1,R B D' R2 B2 R B R D' B2 R
25736141111123,11858864,0,11,1,R D R' D' B' D2 R2 B' R D' R
73615243332311,11863533,0,11,1,R B2 R2 B' R D2 B' D2 B D2 R'
16547321113331,11865598,0,11,1,R B2 D' R2 D B D2 R2 B' D' R2
32174561232113,11870769,0,11,1,R D R' D2 B R' B' R' D2 R2 B
56243713121333,11873959,0,11,1,R B R2 D B D2 R' D B2 D2 R
12543671111111,11878307,0,11,1,R B' R D R' D2 R' D' B' D B2
53462711113322,11878604,0,11,1,R D R2 D2 B' R D' R' B D2 R'
54367121112212,11878972,0,11,1,R B' D' R2 D B R2 D' R2 D B2
25741361232113,11879694,0,11,1,R B' R D2 B' R D R' B D2 B2
47165322132212,11884395,0,11,1,R B2 D' R2 D R2 B' D R2 D2 R'
76125343333133,11892432,0,11,1,R B2 R B2 D' B' R B' D R' B
36547212131312,11892945,0,11,1,R D R2 D2 R D B R' B2 R' B
14752631111111,11894097,0,11,1,R B' R' D' R D2 B' D2 B R' B
46275312132212,11894344,0,11,1,R B2 D' B2 D B2 R' B R2 B2 R'
23756411222312,11897030,0,11,1,R B R' B R2 B2 D' R B' D' R
34721652222212,11897142,0,11,1,R B' D R D' R' D R B' D B2
12673542331133,11900805,0,11,1,R D R' D R' D B' R2 B R2 D'
15724632123233,11902592,0,11,1,R D B R' D B' D B2 D' R2 B
42615372221213,11902846,0,11,1,R B2 D' B2 D R2 B' R B2 R2 B'
13276541322311,11904964,0,11,1,R2 B R2 B' D B R2 B2 R B D'
41725362221213,11906839,0,11,1,R B2 D' R2 D B2 R' D B2 D2 B'
32567412131312,11909484,0,11,1,R B' D R' B2 D2 R D R' D B2
16273541321321,11926312,0,11,1,R B' D R D' B2 R2 B R' B2 R'
23756413223312,11926407,0,11,1,R B R' D' R B' R2 D2 R D' R
16347253121312,11930646,0,11,1,R B' D2 B' R B R D2 R2 D B
42673512232133,11932411,0,11,1,R D B R2 B R B2 R' D' B2 R
24615732233321,11936973,0,11,1,R B' R' D B R2 B2 D2 B R' D
27615431312333,11951575,0,11,1,R D B D2 R2 B D' B R' D R'
16735242122213,11953313,0,11,1,R B R2 B2 D' R B' D' R D R'
31765242322121,11954160,0,11,1,R B' D B' D2 R B' R D R2 D
32671453123313,11954635,0,11,1,R B2 R2 D2 B' R2 B' D' B D' B'
54723613121312,11960485,0,11,1,R D B2 R' D' R2 D R B2 R D'
63725143122113,11964149,0,11,1,R B2 D' R2 D R2 B' D B2 D2 B'
15624732123212,11964497,0,11,1,R B' D B' R2 B D2 R D' B2 D
72345611111111,11966996,0,11,1,R B' R2 B' R' D' R D2 B D' B
71365423331312,11967803,0,11,1,R B2 R2 D2 B' D2 B' D' B R' B'
43571262122222,11971739,0,11,1,R B R D' B D' B R' D R2 B
73642513223222,11987462,0,11,1,R D2 B' D B2 D2 B' R D2 B' D2
54371621113112,11990541,0,11,1,R2 B D B' D2 B R' B R B2 D2
37615423121132,11990792,0,11,1,R B2 R2 B' D B2 R' D2 R D2 B'
72163453131212,12007144,0,11,1,R D R2 D2 R' B' D2 R D2 R' D2
16543271223221,12016303,0,11,1,R B R B2 D2 B' D R' D' B2 R
74123653133231,12019622,0,11,1,R B R D2 B2 D' B R' D' R2 B
72563411112131,12025534,0,11,1,R D2 R' D R D B' D B' R2 D
54127633131212,12027771,0,11,1,R D R2 D2 R' B' D2 R D2 R' B2
73615242223133,12028332,0,11,1,R B2 D' R D R B2 R2 D' B D
71452632222131,12028915,0,11,1,R D R' B R' D R' D2 R B2 D'
54127632131213,12034309,0,11,1,R B' D B R' D' R B R' D R2
32175461111111,12041986,0,11,1,R B' R B2 R' D B' D R2 B2 D2
62571432321233,12064446,0,11,1,R B' D' B2 D B' R2 D B2 D' R2
17356242211331,12068222,0,11,1,R2 B R2 B R2 D B D' R B' R'
32741651121311,12069834,0,11,1,R D2 R' B R D B' R D' R2 B
51324672212111,12071464,0,11,1,R D R' B' D' B R2 D' B R2 B'
56123473133231,12073176,0,11,1,R B R D2 B2 D' R' B2 D' B' R
34617252123212,12075347,0,11,1,R B R B R2 D2 R' D' R2 B' D2
54163272233111,12076216,0,11,1,R D R B R' B2 D' B R D R
54723613333313,12081082,0,11,1,R D B2 R' D' B2 D B D2 B R'
14523673121312,12082341,0,11,1,R B' D' B D2 B2 D B' D' R D2
65274131111111,12084293,0,11,1,R B' R D' B2 D B2 R' D B D
72543611221223,12084370,0,11,1,R B R D' R2 B2 R' B' R D2 B'
57364212213311,12097014,0,11,1,R D B' R' D' B2 R2 D' R B' D
61452731311313,12101349,0,11,1,R B' R' D' R D' R' B2 R' D' B
56147322333233,12110872,0,11,1,R D R' D' B' D R2 B' R D2 R'
52463173212332,12112608,0,11,1,R2 B R' B' D' R B2 D' B D2 B'
14763253133132,12118835,0,11,1,R B R D2 R2 B' R D' B R D2
14763253132232,12129886,0,11,1,R B R B' R2 D2 R' D' B D2 R'
37624512121322,12138645,0,11,1,R D B' R2 B' R B D B2 D2 B
53761242321212,12139262,0,11,1,R B R B2 R B R B2 D' R B'
37642152213311,12142562,0,11,1,R D2 R B R2 B' R' D2 B R B
12347652123332,12145058,0,11,1,R D2 R' D2 R B' D' R D2 B D2
47123562232133,12145978,0,11,1,R D B D2 R' B' R2 B R D2 R
21345671111111,12146464,0,11,1,R B' D2 R' B R' B' R D2 R B
52147633111112,12147330,0,11,1,R D2 R' D B D B' D R' D2 B
72543612331331,12147942,0,11,1,R B R2 B2 R' B R2 D R2 D2 R
72165432111122,12159519,0,11,1,R D2 R' B2 R B' R' B D2 R D2
52463713212332,12160752,0,11,1,R2 B R2 B' R2 D B' R2 B R B'
15246371331332,12168652,0,11,1,R B D' B R' B2 D R' B D B2
24615731122313,12169885,0,11,1,R B2 D' B2 D B2 R' B D2 B2 D'
21357462311111,12173976,0,11,1,R B' R2 D2 R B D2 B R D' R
56721432312233,12175328,0,11,1,R D R B' R' D R' D' R B2 R
16543272331331,12176276,0,11,1,R B R2 B2 R' B D2 R B2 R2 B'
63751242221321,12181729,0,11,1,R B' D B R' B2 D2 B D' B2 D'
56123472331331,12181766,0,11,1,R B R2 B2 R D R2 D2 R' B2 D
34617252111212,12189435,0,11,1,R B R D2 R B D B2 R' B R'
12367541112212,12192337,0,11,1,R B' D' R2 D B' R2 D B2 D' B2
51642731113322,12193608,0,11,1,R D B2 D2 R' D B' R' B R2 D'
36714522121322,12193842,0,11,1,R D B' D2 B' D R D R2 D2 R
31246753312211,12198066,0,11,1,R D2 R D R2 D' B' R2 D B R
41726532312233,12200176,0,11,1,R B2 R2 D' B R' B2 R' B' D R'
13265742131312,12201338,0,11,1,R D R B2 D2 R B' D R' B D'
76312543322222,12221650,0,11,1,R D2 B' R D2 R2 D' R D2 B' R2
41735261323313,12223932,0,11,1,R D' R D' R2 D' R' B' D B2 R
71435263211123,12224218,0,11,1,R B2 R B' R B' R B' D' B2 D2
14763253221221,12224474,0,11,1,R B R' B R' D B2 R2 D2 B R'
37614521111111,12229166,0,11,1,R B' D R2 D' R2 B D' R' D' R
53761242121211,12232408,0,11,1,R B R B2 R2 B' D2 R B D B2
31754621331122,12237710,0,11,1,R2 B R2 B D2 R B D' B D' B'
64275133231112,12241625,0,11,1,R B2 D' B2 D R2 B' R D2 R2 D'
14673251111111,12244948,0,11,1,R B' D' R D2 B' D B R B' R2
71462533111223,12248353,0,11,1,R D2 B' D R2 D2 R' D R2 B' R2
61734523222331,12251290,0,11,1,R2 B R B' R D B2 D2 R' B' D
47126351233232,12255918,0,11,1,R D R' B R D' B2 R D' B D'
76342513322111,12260317,0,11,1,R2 B R' B2 D' B D R' D B2 R2
36714521232113,12266056,0,11,1,R D B' D2 R D' B' D' B2 D2 R
45613272233111,12276135,0,11,1,R B2 R2 D' R D' B2 D' R' B R'
56123471223221,12277696,0,11,1,R B R B2 D2 B' R' B2 D' R' B
24351671212211,12280738,0,11,1,R D B' R' D' B D2 R' B D2 B'
17425631322332,12289162,0,11,1,R2 B R D2 B R' D R2 D R' B2
21376541122211,12295758,0,11,1,R D R D' R B' R B2 R' D2 B'
43216573212332,12307206,0,11,1,R2 B R2 B2 D B' D' B R2 D B
13576241312213,12308967,0,11,1,R B2 R2 D' B D' B2 D' R' D R'
17435622211133,12316710,0,11,1,R B2 D' B R D R2 D2 B' R D
14567231312213,12319284,0,11,1,R D R' D' B D2 B D' R' B R
36152741231312,12321956,0,11,1,R B' D' R D2 B' R D' B' D2 B'
34516722313223,12328362,0,11,1,R D2 R D B2 D' B' D2 R B R
53724612121112,12334087,0,11,1,R B D' R B R2 D2 B' R2 B2 D'
72164353131113,12337197,0,11,1,R B2 R D R' B D' B2 D' B R'
46123573232123,12338404,0,11,1,R D' B2 R D' R D' B' R' D R2
21346752313322,12344337,0,11,1,R D R2 B2 D R' D' R' B2 R2 D'
14763252322121,12348101,0,11,1,R B R' B' R B2 D' R B' R' D
57236141323232,12351294,0,11,1,R2 B D R' B2 R D' B R D2 B2
42136752131312,12357532,0,11,1,R B D R' B D' R D' R D2 B
23475162121112,12359487,0,11,1,R B R2 B R2 B' D R' B' D2 R2
73615241113322,12361960,0,11,1,R B' R D2 B2 R2 D B' R B' R
51732643121213,12365616,0,11,1,R B D' R B' D' R D2 R D R'
56341273121213,12378678,0,11,1,R D B2 D2 B R B R' D2 R' B
13276541213312,12385251,0,11,1,R2 B D' R2 B' D R B' D R2 B2
62174351122133,12387186,0,11,1,R B R2 D2 B R2 B R D' B D'
24563711121212,12391687,0,11,1,R B R' B2 D' R' B2 D B D2 B2
31275463311122,12397338,0,11,1,R B2 D' B D R D2 R2 B' R B
51472361131313,12414997,0,11,1,R B2 R B R' B D' R2 D' B D'
41576322212222,12416446,0,11,1,R B D B' D2 B R' D B R' B2
13276451233133,12420107,0,11,1,R B' R B R' B2 D2 B R' B2 R'
65147321232113,12425196,0,11,1,R B' D R2 B' R B D' R D2 R2
23756413222112,12436945,0,11,1,R B D' R B2 R2 D' R D' B' R
52167433133333,12438882,0,11,1,R D B2 D2 B R D R' D2 R' B
56123473223312,12449632,0,11,1,R B R' D R D2 R B' R2 D2 B
46127351131313,12449672,0,11,1,R B R2 B R' D R D2 R D R'
24716532323231,12461657,0,11,1,R B' R2 B' D B R2 B R' D2 R'
31265741233331,12468593,0,11,1,R D R D' B D' R B2 R B R
16475233132313,12472545,0,11,1,R B2 R2 D2 B' R2 B' R' D R' B'
56743213331333,12473612,0,11,1,R D R2 D2 R' B' R2 D R2 D' B2
56123473222112,12480285,0,11,1,R B R' D R' D' B R B' D B2
13276451113211,12481384,0,11,1,R B' R2 B' R D R2 D R' D2 R'
24637512311132,12481953,0,11,1,R D R B2 R B R2 B' D' B2 R
43126572133313,12482167,0,11,1,R B R2 B' R2 B' R D B' R D2
32175462312323,12486244,0,11,1,R2 B R2 B' R D R2 D2 R B R'
23756413322312,12488522,0,11,1,R B D' B' D B' R2 D2 R B' R
24563712121232,12489832,0,11,1,R B R' D2 B' R' D2 B R D2 R2
24351673111133,12498057,0,11,1,R D B' D B2 D' B D' B R D2
71546233331213,12499218,0,11,1,R B D R' B2 R D' R D R' B2
34721652121313,12500408,0,11,1,R D B2 D2 B' D' B2 R B2 R' B2
63251743133231,12504156,0,11,1,R D R' B2 D R' D R D' B2 D'
72543613133222,12504947,0,11,1,R B R' D B' D R2 B2 D2 R B'
16453271111111,12526746,0,11,1,R D R' B2 R B' R D R2 B2 D2
53614721212121,12530495,0,11,1,R B2 R B2 R2 B' R2 D B2 D2 R'
24761531221223,12549241,0,11,1,R D R' D2 B R' D B R' B2 R'
23147562123131,12549847,0,11,1,R D R D2 R D B2 D' B' D2 R
14625731111111,12550596,0,11,1,R B' D R' B2 R D2 B' D R D
52763411333123,12558032,0,11,1,R B D2 R2 B2 D R D' B D' R
75143263231313,12560353,0,11,1,R B2 R2 D2 B' D2 B' R' B R' B'
71534262122222,12579360,0,11,1,R D R D2 B2 R D' R B' R D'
37651242211133,12579939,0,11,1,R D R2 D' B R' B R2 B' R2 B
41367253111133,12588275,0,11,1,R B' R2 B R2 B2 R B2 D B2 D'
71436253333112,12591835,0,11,1,R D' B R' B R2 D R' D' B' D2
13274651112323,12605792,0,11,1,R B2 D' B2 D' R D' R2 B2 D' R
54127633133333,12606168,0,11,1,R D B2 R' D B D B2 D2 R' B
76345122211112,12607709,0,11,1,R D B D' R B' D B2 D' B2 R
16347252131312,12607991,0,11,1,R D R2 B' D R B D2 B2 R' B
26517343333313,12609952,0,11,1,R B2 R2 B D2 B2 R2 B' R2 B2 D
27415363131113,12614932,0,11,1,R B R' B D' R' B R B D2 B2
31265471111111,12619766,0,11,1,R B' D B2 D' B R' D R2 B2 D2
13572641122133,12620953,0,11,1,R D R2 D' R2 B2 D R D' B D2
62317453312211,12622652,0,11,1,R D' R2 D' B R2 B D2 R B D2
72163452122222,12628706,0,11,1,R D R2 B' D B D R2 D2 B' R
35417622223133,12637389,0,11,1,R D R2 D' R B' R B2 R' B2 R
71326543333313,12641181,0,11,1,R B2 R2 B R2 B2 D2 B R2 B2 D'
27613543333133,12641708,0,11,1,R B' R B R2 D2 B R' B2 R B2
27615432113321,12642754,0,11,1,R D R2 B2 D R2 D R B' R B2
36217452131333,12642806,0,11,1,R B' R B' D2 R D' B R D2 R
31267542313133,12647469,0,11,1,R B' R D2 R' B D2 R' B2 R B2
17526432123233,12650436,0,11,1,R D B R' D B' D B2 D' R2 B'
72163453331333,12650589,0,11,1,R D R2 D2 R' B' R2 D R2 D' R2
31265472233321,12653244,0,11,1,R2 B R' D2 B' D R D' R D2 B2
74123652322121,12657483,0,11,1,R B D2 B2 D' R D2 B R2 B2 R'
72543611223221,12658349,0,11,1,R B D' B D' R2 B2 R D B D2
34721652221222,12659706,0,11,1,R D B2 D2 B' D' R2 B R2 B' R2
56743212221222,12663313,0,11,1,R D B2 D2 B' D' R2 B R2 B' D2
73654122111122,12671608,0,11,1,R D' R2 B R2 B' R' D2 B2 R B'
45362712122222,12675614,0,11,1,R B D' B R' D' R D2 R B R'
42167532131333,12686825,0,11,1,R B2 D2 B' R D' R D2 R' D2 R
31627452221333,12691015,0,11,1,R B' R' B R' D B2 D R' D B2
64357213231322,12696153,0,11,1,R D2 B R2 B' R B' D R' B' D'
53146272123233,12700052,0,11,1,R D R B2 R' D R2 B' R2 B R'
47653213211231,12707714,0,11,1,R2 B D2 R' D R D2 B R B' D'
13246571111111,12709549,0,11,1,R B2 R' B' R D2 B' R' B D' B2
14763253133231,12709982,0,11,1,R B D' R D' R2 B2 R B R D2
56271433123313,12714641,0,11,1,R B2 R2 D' B R' B' D R D' R
15634722123332,12720279,0,11,1,R D' R2 B R2 B' D' B2 R2 D R'
63724153121213,12731401,0,11,1,R D B R2 D2 B D' R D' R D'
56213743313333,12731691,0,11,1,R B R2 B' D2 R2 B R B' R B'
14763251333123,12733108,0,11,1,R B D2 R2 B2 D R D' B D' R'
41725631111111,12744412,0,11,1,R B' D' R' D R2 B' D2 B D' B
46275313312211,12745787,0,11,1,R D R2 B' R D R2 B2 D R' B'
71643252231212,12746194,0,11,1,R B D2 B2 R' B R' D' B R B'
21457631321123,12762748,0,11,1,R2 B D2 R' D R' D B D2 R D'
52361472121313,12764070,0,11,1,R D B2 D2 B' D' B2 R B2 R' D2
74521633121213,12765038,0,11,1,R D2 R' B2 D R B2 R2 B' R' D2
46275312313211,12798354,0,11,1,R B R2 B R2 B2 D2 B D2 B' D'
72561342313223,12818828,0,11,1,R D' B2 D' B D2 B R2 D R D2
45273162222122,12823113,0,11,1,R B2 D2 B' R B' R D2 R' B2 R
73642511111111,12824777,0,11,1,R B2 R' D' R D2 B' D' R D' R2
17426531232233,12825391,0,11,1,R D' R' B2 R' D' R2 D R B2 D'
14735621223332,12826229,0,11,1,R2 B D' B2 R' D R D' B R2 D2
72543611332331,12835219,0,11,1,R B2 R D B D2 R B' D2 B' R
23157462131123,12842330,0,11,1,R D B' R B' D R' B2 R D2 B'
71523463331312,12843099,0,11,1,R B2 R2 D' R B' R' D R B' R
31275461112233,12852100,0,11,1,R B' D R2 B2 D2 R B' D R' B
52167432122222,12866585,0,11,1,R D2 R' B2 D R D2 R2 D' B' D2
32147652231332,12878327,0,11,1,R B R D' B2 R2 B R D B' D2
41725362313211,12886032,0,11,1,R B R2 B D2 B2 R2 B R2 B' D'
34617252132212,12898867,0,11,1,R B2 R' B' R B' D B2 D B' R
24167353132232,12904933,0,11,1,R D B' R2 D R' B D B' D2 B'
17543261111111,12905513,0,11,1,R D B' R2 B R' B D R2 B2 D2
56123473322312,12907734,0,11,1,R B D' B D R2 D B' D2 R2 B
36712542121121,12908769,0,11,1,R B R2 B R B2 D B2 D2 B' D'
56321742211112,12912318,0,11,1,R D R D2 R' B R2 D' B2 D B'
12356741133131,12922437,0,11,1,R B R2 B D2 B' R B2 D' B2 D
17362452213311,12924564,0,11,1,R D' B2 D' R B2 R B2 D B D2
41725362313223,12930673,0,11,1,R D B2 R' B R B2 D2 R D' R'
24537613231322,12933765,0,11,1,R D2 B R2 B' R B' D R' B' D
56123471222312,12934331,0,11,1,R B D' B D' R' B D R' D B2
64275132232133,12935773,0,11,1,R D R B2 R2 B D R B' D2 B'
43617521223221,12944101,0,11,1,R D B' D2 R D' R B D' R2 D'
53761242221213,12955493,0,11,1,R B2 R' D' R B' R D2 R D' R
71546322231212,12955666,0,11,1,R B R' B R' D B2 D R' D B'
34265712212132,12966217,0,11,1,R D R2 D2 R' D R2 B' R2 B R
24736512222332,12966412,0,11,1,R D B' D R' B R' B2 R D2 B'
47136252133112,12973544,0,11,1,R D2 R B R2 B R' D' B2 R2 D'
31275461322233,12976966,0,11,1,R B' D B2 R2 D2 B D' B D' R
76321452212231,12978210,0,11,1,R B R2 D2 B2 R B D' R D' B'
74521633133333,12979487,0,11,1,R D2 R' D2 B R B2 R2 B' D' R2
56123472322121,12981252,0,11,1,R B D2 B2 D B R2 B2 R' B2 D
16543273221221,12985021,0,11,1,R B2 R2 B D' B R' D R' B R2
76321542211112,12987956,0,11,1,R D B D' R B' D B2 D' B2 R'
16527431333213,12988949,0,11,1,R B R2 D2 B2 R B R' B D' R'
43621752213323,12991501,0,11,1,R B2 R B2 R2 B R2 D R2 D2 B2
63512743313333,13001324,0,11,1,R B D' B R B2 D2 R' D2 R2 B'
54723612131312,13004149,0,11,1,R D2 R' D2 B R D2 R2 D' R' D2
56147231333213,13004654,0,11,1,R B R2 D2 B2 R B R' B D' R
14736521321231,13012650,0,11,1,R D' R' D2 R' D' B2 D R D2 B'
63725142223133,13019337,0,11,1,R D R' B2 D2 B R B R' D2 B
71523463131311,13021369,0,11,1,R B2 R B' R2 B' D B2 R B' R2
23165741112323,13024338,0,11,1,R B R2 D' B D R2 B2 D R' D'
16543271331332,13024492,0,11,1,R B2 R2 B' D B' D R' B D B2
27534161111123,13024934,0,11,1,R D' R2 D' R B2 R D2 B D R2
27365412321212,13030155,0,11,1,R B' R D2 R D' R D' R2 D B'
36172452133133,13032267,0,11,1,R D R2 D2 R' D B2 R' B2 R B
15746321111111,13033891,0,11,1,R D2 R B' R B R2 D' B D B2
42615372213311,13038015,0,11,1,R D B2 R' B D R2 B2 D B' R'
67345122232133,13038657,0,11,1,R D R D2 R2 D R D B' R2 B'
56271433111313,13039504,0,11,1,R B2 R B2 R2 B' R2 D' R2 D2 B
34625172111212,13050020,0,11,1,R B' R B2 R D' R B' D2 B R'
74123653133222,13050958,0,11,1,R B2 R2 B R' B R' D B' R B2
16527432231332,13052077,0,11,1,R B R D' B2 R2 B R D B' R2
63752141111111,13065467,0,11,1,R D R' D B' D R2 D2 R D' R'
72543613221221,13068828,0,11,1,R B2 R2 B D2 R' B D2 B2 D' R'
35174262213131,13086311,0,11,1,R B' D B2 D' R D2 B' R2 B R2
12376541232233,13097437,0,11,1,R D' B' R2 B' D' R2 D B R2 D'
34715262221123,13100603,0,11,1,R B' D' R B' D R2 D R' D R2
36125471212112,13100792,0,11,1,R2 B R B2 R B' D B2 D R2 B
41673252212222,13105607,0,11,1,R B D2 B' R2 B' R B D' R D2
71643523331213,13107058,0,11,1,R B D2 B' D2 B' R D R' B D2
32147651132222,13111552,0,11,1,R B R' B D' B2 R2 B R D B2
43576212112232,13111677,0,11,1,R D2 R D B2 D B' D' B2 R2 D'
52741633313312,13114579,0,11,1,R B R' B D B2 D B' D2 R2 B
47632513212332,13116204,0,11,1,R2 B2 R' B' D' R D2 R D2 R' D2
71453623311122,13118808,0,11,1,R D B2 D' B D' R B2 R' D2 R
56174321232113,13130797,0,11,1,R D R2 D2 B' D R' D' B D2 R'
47132563222331,13135122,0,11,1,R2 B D' R' D R D' B R2 B' D
14763253133222,13135687,0,11,1,R B2 R2 B R2 D' B D2 B2 D' B'
16543271332331,13152125,0,11,1,R B2 R2 B D B' R B' D B' R2
32716452123212,13173288,0,11,1,R B' R D' B' D B2 D R D' B2
74123653133132,13177957,0,11,1,R B2 R2 B' R2 D' R D2 R2 D' R'
34561273233131,13178518,0,11,1,R B R' B' D B R2 B2 D2 B R'
16527432113333,13181159,0,11,1,R B R B' D2 R2 D B D B' R2
62435172211133,13189552,0,11,1,R D R' D2 B2 D R B D' R2 B
54321672212231,13194043,0,11,1,R B R2 D2 B2 R B D' R D' B
23416752121211,13195892,0,11,1,R B' R B' D' B D2 B R D' B2
56743213121213,13203977,0,11,1,R D B2 R' D R D B2 D2 R' B
76143253333313,13227851,0,11,1,R D' R2 B R D2 R' D' R2 D' B'
41237561313131,13233404,0,11,1,R B2 D2 B' D B' R B2 R' D2 R
13642573221221,13240357,0,11,1,R B' R D2 R' D R' D R D' B2
74152363133222,13242481,0,11,1,R B' R B2 R' D B' R B D' B2
36542712121322,13243367,0,11,1,R B2 R D2 R2 D' B2 R B2 R2 D'
12367451132222,13244870,0,11,1,R B D B2 R2 B' R B' D' B2 R
72365413121312,13257023,0,11,1,R D' R2 B R B2 R' D' B2 D' B'
13246571113232,13259294,0,11,1,R D' B' D2 R D R2 D' B' R2 B'
17435623211123,13268223,0,11,1,R B2 D' R B D R2 D2 B' D B
12374561211212,13276709,0,11,1,R B R' B R' B2 D R' D B D2
54367211132222,13280496,0,11,1,R B D B2 R2 B' R B' D' B2 R'
32147652113333,13287367,0,11,1,R B R B' D2 R2 D B D B' D2
42615372313211,13293758,0,11,1,R B D2 B D2 B2 R2 B D2 B' D'
52741633221233,13295916,0,11,1,R B D R2 B2 R' B' R2 D' R' D
23517462131333,13303661,0,11,1,R B' R B' D' B D2 B R D' B
34561273221233,13305519,0,11,1,R B R' D R' D2 B2 D R D R2
27415633321322,13310009,0,11,1,R D R' D R D' B2 R D' R B'
71263541333222,13318096,0,11,1,R2 B' R2 D B D2 B R2 B R' B2
41352671212112,13320066,0,11,1,R B R' B' D B' D2 R2 D R' B
52741632122333,13320605,0,11,1,R B R2 B2 R D B2 D2 B' D2 R
24617532233321,13320668,0,11,1,R2 B2 R B' R D R2 B' R B D2
16527433312133,13322510,0,11,1,R B R B2 R2 D' B R' B R B2
41756231321213,13323552,0,11,1,R D2 R D R2 D B' D' R2 B2 D'
71264533221323,13326849,0,11,1,R B R2 D B' R2 D2 R B' R' D2
36125471222111,13334384,0,11,1,R2 B R2 D B2 D B' R D2 R B
34675212222122,13336849,0,11,1,R B' D R' B2 D B' D B D2 B
47165322313211,13351941,0,11,1,R B D2 B R2 B2 D2 B R2 B' D'
25734613113323,13358797,0,11,1,R D2 R B D2 B D' B' D2 R2 B'
64275132211133,13363768,0,11,1,R D B' D2 R2 D B R B' R2 D
56271433132313,13367749,0,11,1,R B2 R2 D' R D' B' R D B' D
26435713333133,13370446,0,11,1,R D B2 R2 D' B' R B' R B2 R
36741252122333,13377512,0,11,1,R B R2 B2 R' B R2 D B2 D2 B'
32147653112222,13378925,0,11,1,R B D B2 D2 R' B D' R D B2
35624712321332,13383104,0,11,1,R B R' B R2 D R' B2 R' B R'
23657142121112,13394629,0,11,1,R B' R D R2 B2 D R' D2 R D2
45621373211111,13400659,0,11,1,R D R' B D R2 D B2 R2 D B
76321452122333,13404415,0,11,1,R B R2 B2 R' B D2 R D2 R2 D
76321452122123,13405983,0,11,1,R B D R' B2 D2 B D B R' B2
24376512222122,13413479,0,11,1,R B' R D2 R D' R D' R2 D B2
34561272122123,13424415,0,11,1,R B D R' B2 D2 B D B R' D2
72561433221233,13446137,0,11,1,R B D R2 B2 R' D B' D' R2 B
71263542323123,13448537,0,11,1,R2 B' D2 R B R2 B D2 B R' D2
12356741313131,13454354,0,11,1,R B R2 D B' D2 R2 D R' B' R2
52341673323212,13467223,0,11,1,R2 B R D2 R B' R D2 R B2 D
45736121122211,13469731,0,11,1,R D B D2 B' D R2 B' D2 B R'
14763251332331,13477220,0,11,1,R B2 R2 B' R' D B' D R' B D2
71523463231313,13477540,0,11,1,R B2 R2 D' B D' B' D R B' D
12374561121212,13484731,0,11,1,R B R2 B R2 D' R B D2 B R2
46275312112232,13487184,0,11,1,R D R2 B2 D' B' D B' R D2 R
67245311112311,13488114,0,11,1,R D R' D B R2 B R2 D2 B D
16534723211123,13491560,0,11,1,R D2 R B D2 B' D' B2 R B D
35624712331232,13491951,0,11,1,R B R' D B' R2 D B' R B D2
26743512121232,13493309,0,11,1,R B' R2 D' R' D R D' B2 D B
16273541122133,13496558,0,11,1,R B' R2 D2 R D R2 D R B' R
56123471333123,13497480,0,11,1,R B2 R' D R' B' R B R' D R'
54367212233213,13498318,0,11,1,R B R2 D R' D' R2 D' R2 B D'
34561273321223,13500149,0,11,1,R B D R2 D2 B' R B' R D R2
31524673332122,13500683,0,11,1,R D' R' D' R B' D' B2 D' R' B
52741632232211,13503367,0,11,1,R B R2 D R' B' R2 B' D2 R D'
26547313131323,13506495,0,11,1,R B2 D2 B' D R' D R2 D' R2 D
71264533131323,13506537,0,11,1,R B R2 B R2 B' R D2 B' D2 B
67345122223133,13513453,0,11,1,R D B' R2 D2 R D B R' B2 D
37426513132313,13519930,0,11,1,R B R2 B' R2 B D' R2 D' B D2
26534713333313,13533624,0,11,1,R D' R B' R B2 D R' B' R' B2
12356743113131,13533810,0,11,1,R B D2 B' R2 B D' B2 D' B R2
54367121113331,13539406,0,11,1,R D2 B D2 B' D R' D R' B' R'
54367211222132,13539462,0,11,1,R B R' B D' B' D B R' B D2
32761453121312,13543026,0,11,1,R D' B2 R B D2 B' R' B2 R' B'
56147232233213,13548108,0,11,1,R B R' B R' B D R2 B2 D2 R
47165322133112,13561850,0,11,1,R D R2 B2 D' R' D B' R B2 R
15762342122213,13565642,0,11,1,R B D' R B' D R2 D R' D R'
56147232333113,13566851,0,11,1,R B D2 R2 B2 D R B' R B' R
65243712121322,13568368,0,11,1,R B2 R D2 R2 D B2 R D2 R2 B2
63142573112123,13576082,0,11,1,R2 B' R2 D B R2 B R2 B D' R2
16527432333113,13576672,0,11,1,R B D2 R2 B2 D R B' R B' R'
16745233333313,13576793,0,11,1,R D' B2 R B R2 B' D' B2 D' B'
76321453321133,13587723,0,11,1,R B R' D' R B D2 B2 R2 B R'
42163751121212,13592081,0,11,1,R B' R2 D' R' B R D' B2 D R
73624513332131,13599221,0,11,1,R D2 B' D2 R D' R D' B D' B
36712542122111,13609533,0,11,1,R B D' R B' R2 D R' D R D2
76321452213122,13636373,0,11,1,R B D B' D2 R2 D R B R' B2
32147651312222,13649526,0,11,1,R B D R' D2 B2 D' R' B R2 D'
52741633323311,13665699,0,11,1,R B D' R D R2 D B' R2 D2 B
76321452122321,13672282,0,11,1,R B2 R B D B2 R B' R2 B' D
35624712121232,13674925,0,11,1,R B R2 B D2 R' D B D2 B R2
16527432231122,13675961,0,11,1,R B R' D' B D2 R' B R' D' B
52714361232113,13706254,0,11,1,R D B2 D2 R' B R' B' R D2 B'
52341672323312,13710313,0,11,1,R2 B R2 D B2 D R' B D2 B D
41352671212121,13736465,0,11,1,R B R' D B2 D2 R' D B' R' B
65132472212231,13754252,0,11,1,R2 B2 R B R2 B' D2 B D' B' R2
72145633312223,13769054,0,11,1,R D2 B R' D B R2 D' R D B2
36712542121112,13779557,0,11,1,R B R' D2 B2 D B R D' R' B
54321672232211,13784301,0,11,1,R B R' D B' R D B2 R2 D2 B
32674152113333,13808663,0,11,1,R D2 R2 D B2 D2 R2 D' B2 D2 R
34561273311233,13809149,0,11,1,R B D B' R2 D2 R' D' R B2 D'
41352671222111,13815035,0,11,1,R B D' R' D B' R2 D2 R D' B
34216572213122,13825357,0,11,1,R D2 R2 D R2 D2 B2 D' R2 D2 B
47251363131113,13832146,0,11,1,R B' R2 B R' D B' R2 B' R B'
36741252122321,13852281,0,11,1,R B2 R2 B R B' R D' R B' D2
54367212332213,13867236,0,11,1,R B D2 R D' B' R2 B' D2 R D'
41725361321213,13911331,0,11,1,R D B2 R2 D' R' D R' B R2 B
52763143222331,13913782,0,11,1,R2 B' D B D2 B' R D2 B' D2 B
31654272313322,13914470,0,11,1,R B' R B2 R D' R B' D2 B R2
34561272213122,13929775,0,11,1,R B D B' D2 R2 D R B R' D2
52741632212213,13935923,0,11,1,R B D2 R D' R' D2 R' D2 B D'
16527432331322,13946611,0,11,1,R B2 R B R D2 B R' D2 R' D
53714622233111,13947528,0,11,1,R B' R D2 R D' R D' B' R2 D2
63142571132321,13970354,0,11,1,R2 B' D2 R B D2 B R2 B D' B2
32147652331322,13970634,0,11,1,R B2 R2 B' R' B R' D B' R B2
12367541113331,13973184,0,11,1,R D2 B D2 B' D R' D R' B' R
72435163333313,13995876,0,11,1,R D' B D' R2 D' B' D' B R2 D
46127352131333,14003540,0,11,1,R B' R' B D B D2 B2 R' B D
56147232332213,14003742,0,11,1,R B D' R B' R B R2 D2 B2 R
34561272122321,14013985,0,11,1,R B2 R2 B' D' B R' D R' B R2
14763253222112,14017796,0,11,1,R B' R B' R B' D B2 D2 B' D2
65314272313211,14018330,0,11,1,R D' R B' R' D R2 D B D B'
32165741111111,14032390,0,11,1,R D B' D B' D B2 D2 B R' B'
54367212231122,14039570,0,11,1,R B D2 B2 D B D2 B2 D' R2 B
12367453112222,14051698,0,11,1,R B2 R2 B' R2 D' R B2 R2 B' D'
63752412333113,14061376,0,11,1,R2 B2 R' D R D' R2 B2 R D2 R
54321672212213,14087405,0,11,1,R B D' B R' B R B2 D2 R2 B
25471631312213,14090018,0,11,1,R B' D R2 D R' D R' B' R2 D2
32417562113321,14092589,0,11,1,R B' R D' B' D B2 D R D' B
63752411333213,14096383,0,11,1,R2 B2 R' B R D' R2 B2 R B2 R
12367451213333,14098127,0,11,1,R B2 R2 B' R B' D R' D B D2
34527612331322,14103101,0,11,1,R B2 R2 B D R' D R' D R' D2
34527612231122,14109475,0,11,1,R B D2 B2 D' R B2 D R2 D2 R'
36741253233131,14120682,0,11,1,R B2 R2 B R' D B' D R' B D2
52741633313321,14133785,0,11,1,R B D' R D' R' B R B' R B2
67154233323332,14149285,0,11,1,R B D' B R2 B2 D' R D' R' D
62435172311132,14157882,0,11,1,R D B R2 B2 R D R D' B2 D'
63574212313211,14198269,0,11,1,R D' R B R B2 R D' B' R B'
46153273131131,14222068,0,11,1,R D' R2 B2 R' D2 B D2 B2 D B'
52163473323332,14222327,0,11,1,R2 B2 R' D R2 B' R' D' R2 B R
71264533231313,14222562,0,11,1,R B D2 B' D2 B D' R2 D' R D2
51324673113311,14225797,0,11,1,R2 B R2 B' D2 R B' D2 B R D'
72561433321223,14236650,0,11,1,R B2 R2 B' D2 R' D R2 D2 R' D'
76321453233131,14252868,0,11,1,R B2 R2 B R2 D' B R2 B2 R' D'
47216352131333,14259224,0,11,1,R D B2 D2 B' R B2 D' B2 D R
63542713121333,14263695,0,11,1,R B' R B2 R D' R B' R' D2 B2
14763251222312,14276387,0,11,1,R B' R' B2 D' R B' R2 D2 R' D
13265741112323,14280707,0,11,1,R D R2 D' B2 R2 D R B' D B2
13275641112323,14291253,0,11,1,R B2 R' B R' B R' B D' R2 D2
72543611331332,14294358,0,11,1,R B' D B R' B R2 D2 B' R B2
41263751312222,14301581,0,11,1,R D2 R2 D B2 D2 R2 D R2 D2 B'
27643513311233,14312111,0,11,1,R D2 R2 D R2 D2 B2 D B2 D2 R'
36741252123323,14320119,0,11,1,R B2 R2 B' R D' B R' D R B2
51267342312233,14333960,0,11,1,R B' D B2 D B' R D' R' B2 D2
56123473133132,14341901,0,11,1,R B' R D' R2 D B2 D' B2 D R'
34561273321133,14360056,0,11,1,R B2 R2 B D2 R' B R2 B2 R' B'
34527613312133,14360457,0,11,1,R B2 R2 B' D2 R' D B2 D2 B' R'
75231463211123,14366202,0,11,1,R D B2 D' R B' D B2 D' R2 D
32147651123333,14379163,0,11,1,R B2 R D R D2 B D' R2 D' R
64125371131313,14388199,0,11,1,R B' D2 B R' D R' B2 R' B R'
63725142123131,14389434,0,11,1,R D B D2 B2 D B R D' R2 D'
54367211333213,14419040,0,11,1,R B2 R' D B' R' B R B' D R'
72543613223312,14424899,0,11,1,R B' R' B2 R D2 R' B D2 B D'
72561433321133,14429121,0,11,1,R B2 R2 B D' R B' D R' D B2
67354211333111,14431051,0,11,1,R2 B2 R' B D B' R2 D2 R D2 R
43765212222122,14458939,0,11,1,R D B2 D2 B' R D2 B' D2 B R
24351673311311,14468537,0,11,1,R2 B D2 B' R2 D R' D2 R B D'
23165742131321,14487005,0,11,1,R D2 B' R2 B D2 R' D R2 D2 R'
67354211313113,14488303,0,11,1,R2 B2 R' D B D' R2 B2 R B2 R
62351743112123,14489389,0,11,1,R2 D R' B R2 D R' B' D' B2 D'
52741632212231,14491650,0,11,1,R B2 R' B R' B' R D R' D B'
34527612211322,14492969,0,11,1,R B2 R2 B' D R' B R' D B R2
76145231221112,14497583,0,11,1,R2 B2 R' D B2 R' B' D' R2 B D
21345762223322,14521454,0,11,1,R D2 B' R2 B R2 D' R D2 R2 D'
76145231122112,14523878,0,11,1,R2 B2 R' B D2 R' B' D' B2 R D
12367451123333,14536124,0,11,1,R B2 R2 B R D' R D' R D' R2
54367212333113,14544615,0,11,1,R B2 R' B D' R' B R D' B R'
16527431123333,14549031,0,11,1,R B2 R2 B' D' R B' D R' D B2
56347212111221,14568416,0,11,1,R2 B2 R' B R2 D' B' R' D2 B D
74165231131313,14575155,0,11,1,R B R' D R' B' R2 B' R' B2 R2
54612371112311,14602107,0,11,1,R2 B R2 B2 D2 R' D' R D' B D2
36514272212111,14618883,0,11,1,R2 B R D' R D B2 D2 R' D' R
32567412222212,14636024,0,11,1,R D' R2 D' R B R B2 R2 B R
36725411121212,14637382,0,11,1,R B R2 B D B2 D2 B' R' D R'
67254311131133,14637947,0,11,1,R2 B D2 B' D2 R D' R2 D B D'
25341762313223,14641241,0,11,1,R2 B R' D R B2 D2 R' D2 R D
74165232121112,14648022,0,11,1,R B R2 B R D' R B' R' B2 R2
36725412121112,14650310,0,11,1,R B R2 B R D' R B' R' D2 R2
36145272131213,14673443,0,11,1,R D' R2 D' B R B R2 B2 R B
36725411131313,14682412,0,11,1,R B R2 D B' R2 B' D B' D R2
26435712322322,14690638,0,11,1,R D2 B' D2 B R2 D' B R2 B2 R'
74165233131113,14700846,0,11,1,R B R2 B2 R' D' B2 D' R' B D'
24615732111323,14716211,0,11,1,R D2 B' D2 B D2 R' B D2 B2 D'
45312673231313,14721347,0,11,1,R2 B2 R B D2 B' R2 B R' B' D2
36725412121232,14725729,0,11,1,R B R2 B R B2 R2 B' D' R B'
36725411212121,14726043,0,11,1,R B R2 B D R' D B' R' D2 R2
32416753121222,14728951,0,11,1,R D R2 B' D' B2 D' B D R2 D
32517463131311,14736402,0,11,1,R D2 R D R' D B' D2 B' D R'
32147562333233,14741667,0,11,1,R2 B R' B' D R D' R D2 R' B
74165231212121,14759004,0,11,1,R B R2 B D R' D B' R' B2 R2
12456731132321,14766227,0,11,1,R2 D R' B2 R' B' R' D R2 B D'
74165233131323,14776679,0,11,1,R B R' B D' R' B2 R' D' B2 D2
36725411313131,14785887,0,11,1,R B R2 B2 R' D' R2 D' B' R B'
43675122222122,14791005,0,11,1,R B' D' R D R B2 R2 D' B D
24351761111123,14808471,0,11,1,R2 B D2 B2 R2 D' R' B R' B D2
32147651213333,14821813,0,11,1,R B' R D R' B D2 R2 B' R D2
74165232121211,14831441,0,11,1,R B R' D2 B' R D2 R D' B' D2
64531271212211,14831526,0,11,1,R2 B R2 B2 D R' D' B D2 R B
36741252122123,14833975,0,11,1,R B' R B2 R2 D' R B' R' D R2
76512343332311,14858384,0,11,1,R D2 B' R2 D R' D R' B D' R
17265433111313,14868230,0,11,1,R D2 R B R' D R' B2 R' B R'
76512343213313,14894775,0,11,1,R D2 B' R2 D R' B R' B D' B
12345672123212,14909931,0,11,1,R B R' B2 D' R B2 R D' R' D2
72543613322312,14915738,0,11,1,R B' D' B2 D B2 D' R D2 R D'
45312673132313,14916531,0,11,1,R2 B2 R D R2 D' R2 D R' B' D2
46127353131323,15048783,0,11,1,R B' R' D R D B2 D2 R' B R
76254313211111,15072940,0,11,1,R2 B D2 B2 R2 D' B' R B' R D2
45376213131323,15074445,0,11,1,R2 B2 R D B2 D' R2 D B' R' D2
36725412121211,15086150,0,11,1,R B2 R B D' R B' D R2 D2 R'
16427532333233,15091222,0,11,1,R2 B D2 B2 R B' R' B D2 R D
12345673131323,15117180,0,11,1,R B R2 D B' D2 B' R B' R D2
52614372313211,15118829,0,11,1,R D R' B D B2 R' D B D2 B'
16527431222132,15122448,0,11,1,R B' R D' R B' R D2 R2 D' B2
73615241112323,15125617,0,11,1,R B' R B2 D2 R2 B R' B R' D
15324673113311,15149694,0,11,1,R2 B R' D' R' D R2 B' D B2 D'
73624513121132,15155901,0,11,1,R D2 B' D2 R D' B R' B R' D
72561432213122,15170739,0,11,1,R B' R D2 R2 B' D B' D' B R2
45276131131133,15175852,0,11,1,R2 B D' R' D' R D2 B' D B2 D'
12765432222212,15176935,0,11,1,R D' B2 D' B D R D2 R2 D R
56274312313211,15179509,0,11,1,R D R' D B D2 R' D R B2 R'
36725413131113,15188119,0,11,1,R B D2 R B' D2 B' D R' D R2
36712542121211,15190753,0,11,1,R B' R B2 R2 D' R B' R' D R
16527432211322,15211892,0,11,1,R B' R B R' B D2 R2 B' D R2
74165231313131,15224897,0,11,1,R B D2 R B' R2 B' D R' B R2
67132541133311,15231815,0,11,1,R D' R2 B2 R' B2 D B2 D2 B D'
72361542333233,15232639,0,11,1,R2 B D R' D R B2 R2 D' R' B
67321451212211,15243147,0,11,1,R2 B R' D' R D R' B R2 B' R
31564272212111,15259676,0,11,1,R2 B D2 B2 R D' B' D B2 R B
76541232131213,15266928,0,11,1,R D' B2 D' R B D R2 D2 R B
76321453313312,15301057,0,11,1,R B' R' D2 R B2 R' D R2 D R'
12354761112323,15304090,0,11,1,R2 B R' D R B2 D' R D R2 D'
54367213312133,15324250,0,11,1,R B' R B' R2 B R2 B' R2 B R'
63541271212211,15334835,0,11,1,R2 B D B' R B R2 B2 D' B' R
36725412321212,15342366,0,11,1,R B2 R B R' B R' D B2 D2 B'
14632571111111,15365627,0,11,1,R2 B R' B2 R' D' B' R D2 B R'
14763251221223,15368985,0,11,1,R D R' D' B R D2 R2 B2 R D'
75462132123212,15371730,0,11,1,R B' R D2 R2 B' D B' D' B R
74165232111212,15397677,0,11,1,R B D' B2 R' B R2 B R' B' D2
36125743222331,15402154,0,11,1,R2 D B' D' B' R D2 B' R B2 R'
24315673311311,15417506,0,11,1,R2 B D' B' D' R D2 B' D R2 D'
32647512333233,15427582,0,11,1,R2 B2 R' D' B' R D2 R B2 R' B2
21347562312323,15446338,0,11,1,R2 D2 R B' D B R2 D' R B R2
34527612231332,15474001,0,11,1,R B' D R2 D2 B' D B' R' D B2
72543613132232,15483757,0,11,1,R D R' D R' B R2 D2 B2 R B'
24731561111111,15497822,0,11,1,R2 B R' B R2 D R' D' B' D2 B'
74165231121212,15499823,0,11,1,R B D2 B D B' D B' R' B2 R2
61235741313131,15539688,0,11,1,R B' D' B D R D2 R2 B' R B
76321452123323,15548145,0,11,1,R B' D R B2 R B' D2 R2 B R'
12345672121232,15552949,0,11,1,R B D2 B R D' B D' B' R2 B2
32156741112323,15586319,0,11,1,R2 B R' B D R2 B' D R B2 R'
12367452113333,15588749,0,11,1,R B' D B2 D2 R' D R' B' R B2
36725412123212,15598407,0,11,1,R B2 R D B' R B' R B2 R2 B'
74165233131311,15598959,0,11,1,R B2 R2 B' R B' R D' R' B2 R'
71264533231223,15601413,0,11,1,R B' D R2 D' R D' R D R' B2
76321453323311,15602147,0,11,1,R B' D' R2 D B2 D' B D2 B R'
52741633321223,15635518,0,11,1,R B' D B' R2 B R2 B' D2 B D'
54367213112222,15648260,0,11,1,R B' D R' D2 R B2 R' D2 R D'
12345672321212,15653889,0,11,1,R B D' R2 B' R B2 R B' R' D2
76312452212111,15668863,0,11,1,R2 B D' B' D R B' D R2 D' R
63725141112323,15714484,0,11,1,R D R2 B' R B R2 D2 B R' D'
56123471331332,15716258,0,11,1,R D B2 D2 B D B2 D2 B' R2 D
34561273313321,15745739,0,11,1,R B' R' D2 B' R D' B2 R2 B' R
12374562111212,15762487,0,11,1,R B' D B2 D2 R' D R' B' R B
14367523311113,15777862,0,11,1,R D' R' B' R B' R' D2 R' D' B
36754123232222,15782788,0,11,1,R B' D B2 D' B R' B D R' B2
26435712222122,15785247,0,11,1,R2 B R2 D2 B2 D' R D' R B2 R'
17326452212111,15796867,0,11,1,R2 B2 R' B' R' D R2 D R2 D' R2
36725412111212,15855170,0,11,1,R B2 R D R' B R' B R2 B2 R'
74165233132313,15905070,0,11,1,R B2 R2 B' R' D2 R' D' R D' R
46215372313211,15907355,0,11,1,R2 B2 R B' D R D2 B' R D R2
35624712321212,15919385,0,11,1,R B' D R2 D2 B' D B' R' D B
74165233231313,15920523,0,11,1,R B2 R2 B' R' B2 R' B' D B' R
16254733312223,15965183,0,11,1,R D R2 B' D' R2 D' B R B2 R
25364172311231,15974328,0,11,1,R' B R B' D2 B D' B R B2 D2
26317451212211,15994712,0,11,1,R2 B2 R' D' R' D B2 D B2 D' R2
24563713121222,16015661,0,11,1,R D2 R' B' R D' B D2 B D' R
74165233111313,16025728,0,11,1,R B2 R2 B' R D' R D' R' D2 R'
45376121131133,16044477,0,11,1,R2 B' R B D2 B' R B2 D' B2 D
24751362221231,16047251,0,11,1,R2 B R2 D2 B' R' B D' B R2 B
41635721212121,16083866,0,11,1,R D2 R' D' R D' B R2 B D' B
25413672323111,16085046,0,11,1,R' B R D' B2 D B' D R B2 D2
16543271221223,16135100,0,11,1,R D2 R2 D R' B R' B R' B R2
74123653132232,16201900,0,11,1,R D2 R2 D B' R B' R B' R B2
74256311321222,16219717,0,11,1,R2 B R2 D2 B' D' R D' R D2 R
75314621313212,16239894,0,11,1,R' B D B' D2 B R' B R B2 D2
76321453311233,16283265,0,11,1,R D R' B R' B R2 D2 B2 R B'
63125741112323,16343737,0,11,1,R2 B R' B D R2 B2 D' R2 D B
42615371313332,16355034,0,11,1,R2 B D2 R2 B2 R' B D' B D2 B'
61352472313211,16362492,0,11,1,R2 B' R2 B' D' B' D R2 B R' D
62135743312223,16362711,0,11,1,R2 B R2 B2 D2 R' B' D R' B R2
12347651111111,16396041,0,11,1,R2 B' R B D B2 D B' D' R D'
16527431312222,16407679,0,11,1,R D R' B' D R D2 R2 B2 R B'
32147652332213,16428719,0,11,1,R D R2 B2 D2 R D B' D B' D'
52741632123323,16451599,0,11,1,R D R2 D2 R B D2 B2 D' B2 R
34561272232211,16455828,0,11,1,R D R2 B2 D2 R D R' D B' D'
54367212211322,16482984,0,11,1,R D R2 D2 R B R2 B2 R' D2 B
54312673311311,16495231,0,11,1,R2 B' R D B2 D' R B2 D' R2 D
45321673113311,16574723,0,11,1,R2 B' D R B2 R' B R2 D' B2 D
54367211213333,16586896,0,11,1,R D B2 D2 B D R2 D2 R' D2 B
63172452313211,16648707,0,11,1,R2 B' R B R' D2 R' D' R' B D2
35267141321132,16662912,0,11,1,R' B D R' B2 R D' B R D2 B2
24615731132333,16672844,0,11,1,R2 B R2 D2 B2 D' B R' D B2 D'
47352612313211,16731690,0,11,1,R2 B' R2 B' R' D' R D2 B D' B
71625433213133,16757879,0,11,1,R2 B D B' D B' R B' R B2 D
32145671111111,16765429,0,11,1,R2 B' R B' D' B D2 B D R D'
42351763231133,16803632,0,11,1,R2 B D2 R2 B' D' R B' D R2 D
63725143123313,16819231,0,11,1,R2 B2 D2 B' D R' D2 B' R D' B2
36725413111313,16898592,0,11,1,R B' R2 B' D' B R' B R' D2 R2
41532672313211,16928240,0,11,1,R2 B' R D R' D2 R' D' B' D B2
23165742131333,16943411,0,11,1,R2 B2 D2 B' D B' R2 D' R D' R2
76254133311323,16947572,0,11,1,R2 B D2 R2 B' R' D B' D R2 D
53672142221213,16956475,0,11,1,R2 B R B' D B' D R' D B2 R
32147652233213,16978522,0,11,1,R D B2 R2 D2 B R B' D R' D'
23165743331312,16989581,0,11,1,R2 B2 D2 B' R B' R2 D' B D' R2
34561272212213,17026195,0,11,1,R D B2 R2 D2 B R D' B R' D'
24615733113323,17150269,0,11,1,R2 B D2 R2 B2 R' D B' D B2 D'
12367451312222,17241366,0,11,1,R D2 R2 D B' D R' D B' D R2
74513263121222,17252867,0,11,1,R2 B R D' B D' B R' D R2 B
47165321322131,17254858,0,11,1,R2 B2 D2 B' R D' R2 B' R B' R2
57214632212213,17266954,0,11,1,R2 B R' D R B' R2 B' R2 B R
25631741212121,17271336,0,11,1,R2 B R' D B' D' R B2 R B D'
27546312231122,17281996,0,11,1,R2 B2 R D2 R2 D B2 R' D2 R2 B
72561433311233,17308586,0,11,1,R D2 R2 D R' D R' B R' D B2
25341673113311,17312930,0,11,1,R2 D R' B' D' B R2 D' B R2 B'
75243162211322,17313105,0,11,1,R2 B2 R B2 R2 B R2 D' R2 D2 B
45176321131133,17377564,0,11,1,R2 D R' D' B' D R2 B' R D2 R'
54217632132212,17383504,0,11,1,R2 B R' B R' D' B R2 B D R'
25731642232211,17383768,0,11,1,R2 B R' B D R' B2 R' D2 R D
12345673231313,17385369,0,11,1,R B' R2 B' R' D B' R D' R2 D2
24615372213311,17534720,0,11,1,R2 D R' B D R2 D B2 R2 D B
52314673311311,17543934,0,11,1,R2 D B' R' D' B D2 R' B D2 B'
46257313312211,17670798,0,11,1,R2 D R' D B R2 B R2 D2 B D
34162752132212,17717246,0,11,1,R2 B D R' B D' R D' R D2 B
36725413131311,17745873,0,11,1,R B' D2 B' D' B D' B R' D2 R2
12345673132313,17889854,0,11,1,R B' D2 B' R' B D' R D' R2 D2
35721642221213,17919581,0,11,1,R2 B D' R B' D' R D2 R D R'
64325713121222,18207683,0,11,1,R2 B D' B R' D' R D2 R B R'
23671452122333,18436665,0,11,1,R2 B' R' B R' D B2 D R' D B2
52763411222312,18452819,0,11,1,R2 B R' D' R B' R2 D2 R D' R
52763413322312,18471915,0,11,1,R2 B R' B R2 B2 D' R B' D' R
41765322313211,18591567,0,11,1,R2 D2 R B' R B R2 D' B D B2
65732411333123,18644408,0,11,1,R2 B D2 R2 B2 D R D' B D' R
32456711233133,18689108,0,11,1,R2 D B2 R2 D' B' R B' R B2 R
13754262123323,18813196,0,11,1,R2 B' D' R B' D R2 D R' D R2
74256313111232,18859042,0,11,1,R2 D R2 B2 D' B' D B' R D2 R
52763413223312,19032493,0,11,1,R2 B D' R B2 R2 D' R D' B' R
52763413222112,19083620,0,11,1,R2 B D' B' D B' R2 D2 R B' R
64157321133212,19096500,0,11,1,R2 D R2 B2 D' R' D B' R B2 R
24751362321113,19337106,0,11,1,R2 D B2 R2 D' R' D R' B R2 B
54217362233213,19437678,0,11,1,R2 B' R2 B R' D B' R2 B' R B'
16345271111111,19762726,0,11,1,R2 D' R B' R' D R2 D B D B'
45176231331113,19830754,0,11,1,R2 B R2 D2 B2 R B R' B D' R
26154372332213,19970415,0,11,1,R2 B' D2 B R' D R' B2 R' B R'
54321673313312,19974087,0,11,1,R2 B R' B' D B' D2 R2 D R' B
76543211111111,20025463,0,11,1,R2 D' R B R B2 R D' B' R B'
25314673111331,20036845,0,11,1,R2 B R2 D2 B2 R B D' R D' B
51342763312223,20420013,0,11,1,R' B R' D R B2 D' R D R2 D'
45176231133113,20422121,0,11,1,R2 B D2 R2 B2 D R B' R B' R
54321673323311,20458444,0,11,1,R2 B D' R' D B' R2 D2 R D' B
45176231131313,20476181,0,11,1,R2 B R' B R' B D R2 B2 D2 R
54321673313321,20530141,0,11,1,R2 B R' D B2 D2 R' D B' R' B
53162743312223,20695983,0,11,1,R' B R' B D R2 B' D R B2 R'
25314673131311,20716112,0,11,1,R2 B R' D B' R D B2 R2 D2 B
56147231222132,20935078,0,11,1,R2 B D' B R2 B2 D' R D' R' D
25314673111313,20971751,0,11,1,R2 B D' B R' B R B2 D2 R2 B
45176233131113,21024693,0,11,1,R2 B D' R B' R B R2 D2 B2 R
15642371111111,21193627,0,11,1,R2 D R' B D B2 R' D B D2 B'
75246311111111,21280104,0,11,1,R2 D R' D B D2 R' D R B2 R'
47265312313211,26778950,0,11,1,R' D R' D B D2 R' D R B2 R'
41625372313211,26812083,0,11,1,R' D R' B D B2 R' D B D2 B'
45312672313211,27303317,0,11,1,B R2 B' R' D R2 B' D' B R' D2
25714632313211,27807770,0,11,1,B R2 B' D' B D2 R' B' D R' B2
52341671111111,27921557,0,11,1,B R' B2 R' D' B' R D2 B R' D
12745631111111,28117877,0,11,1,B R' B R B' D2 B' R' B' R D2
21354672313211,31516105,0,11,1,B2 R B' D R D2 B' R D R2 D'
41752632313211,31851717,0,11,1,B2 R B' R D R2 B' R B D2 B'
14325671111111,32647384,0,11,1,B2 R' B R D B2 D R' B' R D'
54721631111111,33212474,0,11,1,B2 R' B R' D' B R2 B R B D'
